-11.0055|0.0,-40.972125|0.2909375,-40.1433125|0.275125,-41.5541875|0.1948125,-47.5685|0.3555,-39.4205625|0.2488125,-41.64975|0.25625,-49.4106875|0.202125,-43.1505625|0.2524375,-40.5644375|0.3649375,-138.849375|68.663375,-139.5871875|69.5025625,-138.4330625|69.65125,-138.382625|69.344,-136.292375|69.195375,-139.0775625|70.5715625,-136.0425|69.2663125,-141.3021875|70.182125,-137.720875|68.95625,-137.3785|68.950375,-142.0370625|76.80625,-145.11825|77.4401875,-144.3050625|77.207625,-145.1890625|77.429875,-143.5824375|76.7601875,-144.2821875|76.6314375,-143.069125|76.6779375,-146.701875|76.0186875,-143.681375|77.55075,-141.62975|77.354875,-141.4056875|71.5488125,-138.5813125|72.5715,-140.539|70.4300625,-140.1126875|71.5824375,-138.6871875|70.2974375,-140.6155625|71.469375,-139.5251875|71.09325,-140.005375|70.3638125,-139.576125|70.444375,-140.2488125|70.7184375,-145.627|75.386,-145.09125|75.2150625,-145.1498125|75.6534375,-145.797625|75.0585625,-143.29075|73.9345625,-144.66275|73.8064375,-143.179125|74.2231875,-144.3603125|74.028875,-144.3493125|73.7869375,-144.080125|74.1346875,
-38.792875|0.320125,-9.0045|0.0,-73.6134375|0.2399375,-72.057|0.2563125,-67.0375|0.2719375,-82.5711875|0.233875,-72.7488125|0.191875,-75.6579375|0.244875,-79.7185|0.2395,-71.851375|0.2316875,-139.1445|70.02075,-139.9954375|71.24725,-139.6035625|69.88225,-138.9830625|70.577,-138.265375|69.79575,-138.30225|69.2525625,-133.8154375|69.4366875,-139.3801875|69.80775,-139.7830625|70.0215,-137.4721875|69.662375,-141.94|78.228375,-143.8385|77.84,-142.9785|77.7128125,-143.403|78.180375,-143.390375|78.0685625,-141.9769375|77.5429375,-142.6428125|77.6010625,-147.1419375|76.883875,-140.9080625|77.75125,-141.3293125|77.965625,-139.6079375|70.7815625,-135.456125|71.100625,-138.041375|70.833875,-138.812875|71.5064375,-138.029375|71.2585,-139.155375|72.288625,-140.7630625|72.6563125,-138.33875|71.4081875,-138.957875|71.426,-139.605375|72.05425,-138.9899375|79.043125,-138.96675|79.4610625,-127.553125|68.2624375,-137.4383125|78.154,-138.3741875|78.5098125,-138.987375|78.609875,-138.017875|78.848375,-138.0590625|78.8894375,-138.0083125|78.47625,-138.423125|78.7401875,
-88.1830625|0.3530625,-79.1953125|0.221125,-9.0045|0.0,-76.0319375|0.2404375,-78.2438125|0.212875,-76.34925|0.27825,-79.6999375|0.311875,-76.744|0.2501875,-79.064875|0.1875625,-67.804375|0.3094375,-138.2623125|69.3515625,-139.3095|69.7043125,-139.560625|69.9570625,-138.6796875|69.4114375,-139.7765|70.520125,-139.8699375|69.1048125,-132.8740625|68.967125,-139.5390625|69.6165625,-138.80175|69.5179375,-137.486375|69.0708125,-141.435625|76.2260625,-141.9240625|76.09575,-142.7006875|77.4488125,-143.2114375|77.548375,-142.3471875|77.1871875,-142.7908125|76.887875,-141.012|76.9700625,-146.842625|76.1994375,-140.5191875|77.1701875,-140.2805625|76.8768125,-140.835625|70.5210625,-136.6245625|70.6959375,-138.1454375|70.315125,-139.479125|71.932875,-139.4473125|70.351875,-138.122|70.027625,-139.206625|71.7215,-137.2865625|69.5681875,-139.3323125|71.4548125,-139.219125|71.3400625,-144.2130625|74.88475,-143.4229375|74.21975,-145.0685625|75.2515625,-143.477875|74.2450625,-143.223875|74.748,-144.3554375|74.52125,-144.15025|75.8553125,-142.6185625|75.355875,-144.4891875|75.5851875,-143.6011875|74.1959375,
-79.836125|0.2456875,-74.94|0.3240625,-74.9716875|0.3333125,-8.004|0.0,-71.2758125|0.3283125,-64.64475|0.3739375,-70.7216875|0.3500625,-73.6795|0.3375625,-66.535|0.3843125,-60.469875|0.34675,-137.516625|68.8903125,-137.4946875|69.6639375,-137.5218125|69.44925,-137.4043125|69.5320625,-137.9300625|70.1008125,-138.3079375|68.6460625,-131.9145625|68.794625,-138.8130625|69.00275,-137.8673125|69.39475,-136.532625|69.2775,-140.76525|77.1725,-141.9783125|77.6298125,-141.50675|77.6905625,-139.625625|76.7145,-141.20525|77.0331875,-141.01175|77.5505625,-140.8906875|76.9388125,-145.557|77.0458125,-139.9848125|77.47175,-139.4759375|77.58575,-139.654375|70.659375,-136.1493125|71.0856875,-137.20225|70.7284375,-138.3503125|71.2495625,-137.488|70.701375,-137.7421875|70.7034375,-139.4775625|71.491375,-139.4888125|71.23825,-138.7438125|71.6005,-138.033875|70.8551875,-141.9130625|73.8680625,-143.2164375|74.980125,-144.9013125|74.765,-143.7713125|75.0531875,-143.0943125|75.363,-143.593375|74.990125,-143.644625|74.6981875,-143.0950625|74.6561875,-141.313875|73.3995625,-143.0465|74.2035625,
-68.3560625|0.3929375,-66.21225|0.35025,-66.9569375|0.3495625,-64.1509375|0.3745,-8.004|0.0,-60.906125|0.3989375,-59.0269375|0.4971875,-61.3390625|0.4504375,-59.5524375|0.36875,-50.62425|0.434625,-136.16775|69.5493125,-136.6156875|70.341625,-137.1151875|69.8295625,-136.3479375|70.3909375,-137.2539375|70.392125,-138.114875|70.3554375,-131.434875|70.041,-137.6531875|70.553125,-136.9678125|70.3589375,-135.7549375|70.12275,-139.0018125|76.9954375,-139.899375|77.26825,-140.49475|77.819375,-139.4320625|77.4801875,-139.9715|77.8245625,-139.3056875|77.6953125,-139.614125|77.7995625,-145.4281875|78.070625,-139.035625|78.4781875,-139.74325|78.51825,-128.0651875|67.8950625,-132.7460625|73.2714375,-133.703375|73.5115,-134.7911875|74.965875,-134.381125|74.1271875,-134.0979375|74.7171875,-135.428125|75.2404375,-135.3841875|74.33225,-136.502375|74.782875,-134.382625|74.4389375,-142.6080625|75.7544375,-142.6534375|75.565875,-142.7541875|75.0199375,-143.4528125|76.2375625,-142.0979375|75.235875,-141.795|75.4836875,-140.5985|75.760125,-141.5028125|76.437625,-143.2175625|76.0244375,-142.2929375|75.3994375,
-67.77375|0.2700625,-64.89025|0.180125,-59.2225625|0.24875,-57.432125|0.2183125,-64.5416875|0.35575,-8.004|0.0,-50.614875|0.1544375,-54.1649375|0.2873125,-50.977625|0.249375,-47.2605625|0.1244375,-135.4186875|69.50125,-134.98425|68.95375,-135.98975|70.263,-135.29775|69.3876875,-136.1119375|70.345625,-137.6413125|70.04775,-130.423125|69.015,-138.3829375|71.5244375,-135.988|69.2898125,-135.8593125|70.0961875,-136.661875|81.3638125,-137.40475|81.6004375,-137.7998125|81.221625,-138.0685|80.730125,-138.5816875|81.61,-138.429125|82.0454375,-137.0135625|81.2055,-127.04925|69.4880625,-138.3760625|82.37075,-136.675|81.5425,-137.2033125|71.366875,-133.4149375|71.4501875,-136.6983125|71.4766875,-137.8643125|72.3156875,-135.3910625|71.624,-135.0366875|70.98725,-136.671125|71.477875,-136.8694375|71.655875,-136.054375|71.137,-136.2204375|71.1085,-143.0326875|75.319625,-141.6126875|75.57875,-142.605625|75.542625,-141.7690625|76.044,-142.051875|75.6140625,-142.342125|76.2286875,-140.12025|74.844375,-140.4296875|75.5089375,-141.233|75.52675,-142.0834375|75.4816875,
-59.0755625|0.3480625,-56.564|0.25775,-51.8348125|0.444,-53.449|0.353,-57.177875|0.392,-53.145|0.3246875,-7.0035|0.0,-50.0026875|0.3073125,-44.905125|0.340625,-43.4548125|0.4219375,-135.1775|69.11775,-135.5538125|69.180625,-135.96725|69.559375,-135.9363125|69.6584375,-136.94775|70.4680625,-137.6455625|69.5763125,-130.24525|69.1576875,-136.82375|69.69975,-136.706875|69.5120625,-135.23525|69.3998125,-139.167375|77.6025625,-139.0213125|77.2109375,-139.489375|77.0373125,-140.5344375|77.1081875,-140.698375|76.7828125,-139.6170625|76.8849375,-139.3391875|76.76,-143.80525|76.8996875,-137.6910625|76.8263125,-139.0998125|76.9365,-137.7364375|71.2768125,-134.6461875|71.368875,-133.51025|69.7801875,-136.055375|70.309375,-135.650875|71.0325625,-135.795375|71.23325,-135.2704375|70.6321875,-135.9731875|70.6470625,-137.235875|71.4729375,-136.9250625|71.0905,-141.7599375|74.3376875,-140.939125|74.6098125,-142.0743125|74.825125,-141.670625|74.994625,-141.114125|74.428875,-140.7634375|75.3425625,-140.131875|74.901,-140.7595|74.665625,-138.8760625|73.922125,-141.5334375|75.48825,
-49.828125|0.367625,-52.9895625|0.3630625,-45.2058125|0.3843125,-45.01525|0.44225,-51.8656875|0.5453125,-48.066125|0.550875,-45.05825|0.5089375,-11.0055|0.0,-40.84125|0.4153125,-39.3975|0.4099375,-134.8|68.8749375,-135.75975|69.272625,-135.5234375|69.1139375,-134.677|68.6663125,-136.0735|69.7094375,-136.5839375|69.018125,-131.1605625|70.0215,-137.313375|70.3434375,-134.633875|68.6685,-136.2476875|70.03125,-138.259875|77.272,-139.3136875|76.7360625,-139.630125|77.0255,-139.4428125|76.91925,-138.5186875|75.6533125,-139.623875|77.291375,-140.0305|77.1946875,-141.75875|76.3545,-137.6351875|77.184125,-137.6025625|77.198125,-138.080875|71.2835625,-133.7746875|71.031625,-136.3660625|70.4965625,-135.2149375|70.76775,-136.4738125|72.0414375,-134.1825625|70.56975,-136.049875|71.516625,-134.626875|69.928625,-135.200375|70.8951875,-137.198125|71.9139375,-141.020625|74.9050625,-141.0060625|74.635,-142.0754375|75.4028125,-139.7633125|74.5205,-139.9638125|74.747125,-139.7548125|74.5695,-140.8061875|75.1885625,-139.82175|75.332875,-139.5645|74.4055,-140.27425|74.7833125,
-43.016625|0.3018125,-44.9615|0.357375,-39.9643125|0.2190625,-40.6753125|0.25825,-45.0434375|0.2415,-43.177125|0.362375,-38.2426875|0.245875,-43.659375|0.228125,-10.005|0.0,-38.114|0.3535625,-134.527125|69.355125,-136.2501875|69.270875,-134.893375|68.9985,-134.1915|69.060625,-134.95625|69.5109375,-135.310625|69.156875,-130.977375|69.487,-136.3041875|69.147125,-136.111375|69.475875,-134.3763125|69.4190625,-137.941125|77.37725,-139.9123125|77.455875,-138.5069375|76.505375,-137.9499375|76.72275,-138.184125|76.52875,-137.8871875|76.724125,-138.1548125|76.9734375,-143.6719375|77.504625,-138.23625|77.2715,-135.513125|76.242625,-137.448125|71.438125,-133.2631875|71.200875,-135.0225|70.507125,-135.6745625|71.26575,-135.81625|71.40175,-135.6280625|71.698,-134.423125|70.397,-134.55025|70.451375,-134.557125|71.011,-136.20925|71.634125,-139.76575|74.87625,-139.68325|74.77425,-140.178625|74.2676875,-139.1525625|74.8021875,-139.4224375|74.532375,-139.8398125|75.868375,-139.285|75.026625,-138.924375|75.32975,-141.364125|74.33775,-138.999375|74.697375,
-38.8176875|0.426125,-40.872125|0.3445625,-38.5745|0.4141875,-37.2545|0.4014375,-42.6184375|0.4320625,-39.6564375|0.4301875,-37.56475|0.56325,-38.5349375|0.3873125,-39.223|0.344625,-9.0045|0.0,-132.936375|72.512,-133.4188125|73.137625,-133.039125|72.8483125,-133.2455|73.6026875,-134.1699375|73.444625,-133.661625|72.9870625,-128.8335625|71.7404375,-122.1199375|62.92225,-132.779875|73.09175,-131.1643125|72.267625,-137.377125|77.57475,-138.4056875|76.916125,-139.3854375|78.4579375,-139.176|78.2948125,-140.0541875|79.064375,-137.611875|77.4461875,-139.0118125|78.2416875,-141.876125|78.5913125,-137.005375|78.259375,-137.5213125|77.979625,-137.1500625|71.9054375,-133.5176875|72.0715625,-135.342|71.947,-134.765125|72.182125,-134.7328125|71.9284375,-135.0625625|71.5325,-134.4645625|71.3103125,-135.0388125|71.4750625,-135.50275|71.50075,-135.150375|71.357875,-139.500375|75.354125,-139.8013125|75.834,-139.6456875|75.1675625,-139.7011875|74.935375,-139.9740625|76.231375,-138.7635|75.3295,-138.4191875|75.1719375,-138.395875|75.6643125,-140.5943125|75.2504375,-138.597625|74.7943125,
-124.1955|65.2295,-124.4663125|65.3253125,-125.0750625|65.9285625,-124.9816875|65.687375,-124.4908125|65.3606875,-124.7326875|65.202875,-125.0624375|66.037,-125.06675|66.484625,-124.65525|65.4030625,-131.6396875|65.407,-13.0065|0.0,-56.185125|0.4779375,-58.8805|0.6135625,-59.778|0.608375,-62.0416875|0.525,-59.6733125|0.657875,-69.7249375|0.4720625,-62.186375|0.4976875,-64.6269375|0.502,-62.0016875|0.566625,-138.3445625|76.5875625,-140.84675|77.4850625,-139.983|76.6863125,-141.1190625|77.9059375,-141.0089375|78.051,-139.5479375|77.727375,-136.4015625|77.3958125,-140.2398125|77.3369375,-139.1889375|77.6855,-138.9993125|76.792,-137.2969375|70.2771875,-137.6974375|70.6958125,-139.141625|71.4890625,-139.438125|71.4525625,-138.596875|70.64625,-141.0456875|72.015875,-139.897375|70.4985625,-139.0528125|71.10125,-137.2605625|71.2908125,-139.1404375|71.968625,-137.245875|78.1176875,-137.7060625|78.444375,-136.545|77.860375,-137.0025625|77.910375,-137.95275|79.1673125,-136.6755|78.139125,-138.4924375|79.1276875,-136.8215|78.3249375,-133.0233125|77.283625,-128.4663125|71.0940625,
-124.6271875|64.9434375,-123.9351875|65.104625,-124.401125|65.069125,-125.2785625|65.2760625,-125.0753125|64.847125,-123.768|64.2549375,-125.49|65.7616875,-125.9155|66.0304375,-124.7184375|65.218375,-131.656|64.9604375,-60.079875|0.5693125,-9.0045|0.0,-52.5480625|0.6045,-55.9938125|0.59975,-53.7815625|0.602625,-51.6063125|0.88475,-63.2458125|0.58425,-57.409|0.628375,-59.943125|0.53125,-58.3791875|0.72125,-140.5693125|76.7570625,-139.948875|76.65525,-140.5854375|77.202875,-141.118125|77.35525,-140.4063125|77.2476875,-139.3404375|76.2705625,-136.1753125|76.0254375,-137.9019375|76.0958125,-140.4211875|77.70425,-138.2065|76.088125,-137.4639375|70.100375,-137.707625|70.503875,-137.9928125|69.657,-140.7100625|71.0078125,-140.00975|71.161875,-139.1680625|70.344375,-140.710875|71.282125,-138.920625|71.245,-138.3550625|70.5528125,-137.6743125|70.2763125,-141.1995625|74.14675,-141.5266875|74.617,-141.0316875|75.1889375,-139.9375625|73.7954375,-140.6121875|74.242875,-140.6490625|73.6004375,-141.0984375|74.799625,-141.4830625|74.3855,-135.9555|74.322875,-140.513|73.977625,
-123.4635|65.657125,-123.3528125|65.503625,-123.93825|65.765625,-123.7890625|65.6359375,-122.5995625|64.9586875,-124.0364375|66.2915,-122.5455625|64.894375,-125.492375|66.4230625,-124.8750625|66.78575,-130.0651875|65.8364375,-53.3195625|0.47025,-49.261|0.3003125,-12.006|0.0,-47.857|0.31525,-45.987875|0.4238125,-44.14375|0.4123125,-52.0295|0.3165625,-50.6514375|0.4226875,-50.1175|0.36175,-50.5115|0.439875,-137.12475|81.2395,-137.5364375|80.961,-137.2485625|80.91825,-137.706125|80.6848125,-137.914|81.1375625,-137.7383125|81.1395,-131.71675|78.702875,-136.38175|80.44975,-138.223125|81.747125,-136.0491875|80.322875,-136.484875|71.369,-135.0524375|70.4063125,-138.568125|71.020375,-139.06725|72.0259375,-137.1698125|70.443375,-137.1451875|70.8019375,-137.8785|71.214875,-138.8053125|71.3580625,-133.2324375|69.80375,-136.9720625|71.211875,-141.9938125|75.22425,-139.3784375|74.6128125,-139.324125|75.2810625,-139.20325|75.5005625,-140.8786875|75.8559375,-139.8855625|74.962375,-141.788875|75.4186875,-140.0410625|75.5358125,-133.890125|75.5831875,-139.85775|75.413875,
-123.7836875|65.636625,-123.4946875|65.02175,-123.5849375|64.69775,-122.600125|64.75125,-122.11975|64.512875,-123.1109375|64.354875,-122.4325625|64.1525,-123.825875|65.78625,-122.88075|64.31925,-129.771125|64.83125,-49.83275|0.67125,-46.06925|0.452875,-49.176625|0.498125,-12.006|0.0,-43.47875|0.389625,-41.37325|0.62125,-48.3661875|0.815875,-46.6501875|0.51125,-47.1614375|0.555375,-44.5371875|0.756625,-139.35775|76.771875,-139.2883125|75.829625,-139.368375|77.127375,-139.7194375|76.2805,-139.42075|77.02775,-139.224|77.481125,-135.1903125|76.490375,-137.3896875|75.7885,-138.9295625|76.7225,-137.0455|76.22775,-136.589625|71.261875,-136.9714375|70.596625,-137.3178125|70.016125,-137.1553125|70.144625,-136.744125|69.95875,-137.960125|70.504875,-139.019|70.463625,-136.4459375|70.291875,-134.96175|69.829875,-136.5005625|70.93225,-141.62225|74.3155,-138.605625|74.196375,-138.6086875|74.8085,-137.995375|73.907375,-140.19975|74.637625,-140.609625|74.63675,-140.6488125|74.36,-139.3738125|73.659125,-133.54825|74.128125,-138.8140625|73.48075,
-123.061625|65.6385,-122.99575|65.23775,-122.28|65.07575,-123.281|65.2585,-122.76725|64.828,-124.33225|65.51275,-122.426375|65.259375,-122.22875|64.525125,-121.727625|64.772125,-128.00675|64.802375,-44.6795|0.563875,-41.93025|0.6985,-43.73875|0.744375,-45.165625|0.708375,-10.005|0.0,-38.688375|0.598125,-43.002625|0.622375,-40.242875|0.639375,-42.636875|0.76325,-39.946875|0.66525,-138.784|76.9975,-139.198875|76.897125,-139.690375|77.085125,-141.246125|77.6225,-138.786125|77.242875,-138.958125|76.84175,-134.628625|75.7465,-137.260375|75.82725,-136.5505|75.715625,-137.7225|76.4865,-136.25125|70.410625,-135.848375|69.931875,-136.904125|70.394875,-136.54825|70.292875,-138.12975|70.85425,-138.053875|71.046375,-138.25025|70.543,-136.934625|70.2215,-135.803125|70.792125,-135.649625|69.960375,-139.283375|73.884125,-139.275|74.207625,-138.739125|74.085375,-136.982625|73.59675,-139.0125|74.50625,-138.60125|74.6375,-141.001875|74.9075,-140.778|74.585375,-134.588|74.475875,-139.760375|74.70675,
-122.2265|64.698375,-122.210625|64.49725,-122.1785|64.178,-121.9205|64.918875,-122.4995|65.059375,-122.619625|64.752875,-121.92475|65.2035,-121.719625|64.228125,-122.835875|65.324625,-128.2015|64.413125,-38.610125|0.4475,-35.36475|0.657,-37.67925|0.450125,-37.625875|0.4855,-37.032625|0.4375,-9.0045|0.0,-35.788625|0.592625,-36.2915|0.334125,-36.7325|0.411875,-35.445125|0.40675,-138.861625|76.871875,-140.039875|77.110375,-138.4725|76.53475,-139.648125|77.142875,-139.071875|76.307,-138.721625|76.54475,-134.560625|76.188875,-138.1225|77.193875,-137.748|76.788625,-137.411875|77.171125,-136.475625|70.936,-136.06875|70.31025,-134.886125|68.588875,-136.312125|70.263,-137.192125|70.780125,-136.719875|70.25425,-137.0385|70.327,-136.989125|69.977125,-135.088|70.75925,-134.657125|69.440875,-139.58525|74.408125,-138.539375|74.292875,-137.17575|74.156875,-137.249625|74.7935,-138.924625|74.783,-138.176125|74.66425,-138.443|74.39525,-138.46525|73.3775,-133.28825|73.319,-138.743|74.23,
-129.3989375|65.979625,-128.3421875|65.4288125,-128.4961875|65.07075,-128.347375|65.8589375,-128.56675|65.4898125,-126.37325|64.609125,-127.0845|64.4630625,-127.3643125|65.404125,-129.1926875|65.78625,-134.2635625|65.2199375,-43.22275|0.4935625,-38.339875|0.440625,-42.885|0.5051875,-46.6039375|0.45325,-45.3909375|0.4390625,-40.0348125|0.505125,-7.0035|0.0,-41.4548125|0.4140625,-42.1403125|0.527375,-42.6305625|0.5481875,-142.9711875|76.4380625,-143.5203125|76.132875,-143.963875|76.6626875,-144.916875|76.5658125,-144.226625|77.4809375,-145.1676875|77.3250625,-141.312875|76.814875,-143.7433125|77.0564375,-143.489875|77.3804375,-143.7151875|77.5696875,-140.825625|70.6148125,-141.6604375|71.6631875,-140.8254375|70.9333125,-141.4865625|70.5764375,-141.5918125|71.25025,-142.1474375|70.3915625,-142.568875|70.6096875,-143.4411875|71.660375,-140.470375|70.903875,-140.309875|70.3315625,-142.8436875|75.060125,-141.000875|74.8284375,-142.370125|74.449125,-140.39875|74.320375,-142.1979375|73.9590625,-142.7643125|74.8305625,-141.519375|74.031,-143.1350625|74.6810625,-140.2418125|74.5548125,-143.8108125|74.66875,
-124.64125|69.643625,-124.2418125|68.1375625,-123.324375|68.5963125,-122.391375|68.13925,-123.2635625|68.6451875,-123.356125|69.0224375,-124.0564375|68.7260625,-122.772375|67.8351875,-122.734|67.901625,-115.2324375|58.5599375,-73.1141875|0.3225625,-77.21125|0.26675,-69.5305|0.2936875,-71.57375|0.32375,-73.25475|0.324,-80.11325|0.22175,-40.3569375|0.321,-10.005|0.0,-73.1390625|0.195,-65.9475625|0.3074375,-142.4525625|76.9450625,-140.8561875|76.2345625,-142.384625|76.9603125,-144.217125|77.65725,-143.612625|77.8439375,-142.42925|78.5914375,-139.5475625|77.3120625,-142.0190625|77.701625,-141.9435625|77.6188125,-141.7305625|77.1846875,-140.623875|71.228375,-139.8530625|70.88475,-140.8816875|71.3291875,-140.9201875|71.0395,-140.41475|70.6690625,-141.6819375|71.0416875,-142.0743125|72.0076875,-142.13225|72.107375,-138.9779375|70.9265625,-140.0095|71.0894375,-144.0306875|75.337375,-144.3025|76.129125,-141.9039375|75.3566875,-141.4953125|75.097875,-142.2058125|75.008875,-143.9591875|76.0548125,-142.6376875|75.2155625,-142.5439375|74.3995,-137.5681875|74.8211875,-143.80775|75.64275,
-127.425875|65.1925625,-127.0019375|64.465125,-127.8660625|65.286875,-127.46575|65.3044375,-127.472625|65.2944375,-126.9255625|65.2594375,-127.963625|65.5991875,-128.95425|65.544875,-128.1415|65.418,-133.633375|65.0548125,-73.1834375|0.548125,-77.4418125|0.4871875,-69.37525|0.4430625,-77.93125|0.4835625,-77.703125|0.458375,-74.789625|0.5444375,-75.2418125|0.44075,-72.377|0.484625,-10.005|0.0,-68.6018125|0.4211875,-142.2150625|77.099625,-143.09225|76.5371875,-141.341625|76.5479375,-144.56775|77.187375,-141.3469375|75.8229375,-142.2719375|76.9731875,-137.72725|76.149875,-140.4210625|76.2125,-141.2725625|76.6855,-141.5993125|76.64575,-140.303875|70.57825,-139.0803125|69.3055,-140.0388125|71.332375,-140.79625|70.6210625,-141.70425|71.0810625,-139.383625|69.8589375,-140.9730625|70.599125,-139.2424375|70.068125,-137.4285|70.04525,-139.1913125|70.5444375,-145.011875|74.896875,-142.8925625|74.4323125,-140.7913125|74.02825,-140.931125|74.3065625,-142.9859375|74.2361875,-142.3625625|74.7605,-144.720875|74.91,-141.5525625|74.3614375,-136.456625|73.7138125,-142.4163125|73.8781875,
-125.6466875|66.7000625,-126.5858125|66.0835625,-126.28375|66.448,-124.7314375|65.59525,-124.9375625|64.7633125,-125.6916875|66.2949375,-124.8224375|65.1490625,-125.099375|65.687125,-126.46975|66.4229375,-132.057875|65.7735,-63.3091875|0.5115625,-63.9265625|0.4829375,-65.1443125|0.608625,-70.446375|0.6064375,-64.9804375|0.529,-62.4525625|0.5418125,-70.594375|0.569125,-69.563375|0.4188125,-68.861625|0.443125,-7.0035|0.0,-141.65525|78.1026875,-140.793625|77.0651875,-140.3276875|77.1499375,-140.764875|77.7720625,-141.585625|77.6523125,-141.4578125|77.5971875,-137.88825|78.1228125,-138.9576875|77.6826875,-139.084625|77.0639375,-140.70475|77.94725,-135.768625|74.5620625,-135.094125|73.9861875,-134.7958125|73.6713125,-135.35225|74.60025,-136.5906875|74.792625,-135.7010625|74.683875,-135.13975|73.1886875,-125.9139375|65.544125,-134.3634375|74.194625,-135.6324375|74.7075,-141.413|75.299375,-140.912375|75.468125,-138.8445|73.926,-139.6436875|74.815875,-141.502|75.3545625,-142.0483125|75.185625,-141.9476875|74.8178125,-141.5849375|75.1343125,-136.521875|75.47625,-141.8751875|75.6846875,
-132.8939375|64.081,-133.1160625|64.248,-134.6774375|63.977125,-133.037875|64.650125,-133.9165625|64.819125,-126.6371875|63.5825625,-133.5265|64.5088125,-130.4756875|63.85375,-133.125875|64.9765,-131.8416875|63.7770625,-140.0016875|68.8989375,-137.704|67.949125,-140.116875|69.102,-140.7341875|68.3120625,-139.597125|68.22,-138.9686875|68.2648125,-139.8059375|68.7160625,-138.541125|67.86425,-139.8665625|68.4103125,-140.4254375|67.2296875,-11.0055|0.0,-54.3565625|0.4745625,-46.7111875|0.40225,-44.949875|0.417,-49.7039375|0.3666875,-45.676625|0.4739375,-46.4800625|0.38625,-48.7273125|0.5621875,-48.2530625|0.444875,-50.95025|0.471625,-141.6425625|70.705625,-141.7160625|70.270625,-142.10525|70.7046875,-140.56425|69.1091875,-142.3336875|68.4346875,-141.8164375|69.9314375,-141.8659375|70.1735,-142.8786875|70.0298125,-142.01425|69.18025,-139.8170625|69.227875,-142.0353125|73.7654375,-143.796875|73.7435,-143.02025|74.2890625,-142.1673125|73.4298125,-143.0395|72.982125,-143.154875|73.023625,-142.554625|73.1143125,-142.4455625|73.68775,-141.3624375|73.710125,-143.1845625|73.6946875,
-131.533125|65.044125,-131.244625|64.8420625,-132.2250625|64.800375,-132.1384375|64.8088125,-133.31|65.5563125,-125.3758125|65.27725,-131.9344375|65.480125,-130.772125|63.680375,-130.8004375|65.0488125,-131.3418125|65.14625,-138.223375|68.1219375,-138.874125|69.452875,-138.3893125|68.9036875,-138.3165|69.5529375,-138.2046875|68.6291875,-137.2603125|68.451375,-138.579375|68.304,-138.3709375|68.05025,-137.2221875|67.3931875,-138.667375|68.86425,-44.792|0.3624375,-7.0035|0.0,-77.2796875|0.445875,-88.0569375|0.27125,-77.555|0.3225,-85.874375|0.2900625,-79.0265|0.3919375,-77.818875|0.3953125,-79.507|0.265375,-89.304125|0.2966875,-137.6510625|73.9386875,-138.252125|73.6785,-135.4685625|72.8885,-134.87525|73.0100625,-127.7240625|66.752,-136.765|72.70025,-136.931|73.8584375,-137.59475|73.5249375,-137.0486875|73.6635,-136.719125|72.6746875,-139.991875|74.1256875,-143.9378125|74.22275,-145.3601875|74.986625,-144.0705|74.341625,-142.976375|74.1961875,-144.3455|74.805875,-145.158625|73.848625,-144.1229375|73.969,-143.4996875|75.152375,-143.0005625|73.859625,
-132.167875|64.3861875,-132.919125|64.311375,-130.556375|63.829875,-130.3815|63.6995625,-132.528875|64.1270625,-124.26775|63.47775,-130.50125|64.35075,-130.138625|64.049875,-130.969125|64.6965625,-129.61575|63.6831875,-139.1459375|68.4815625,-138.2510625|69.2634375,-139.170375|68.5665625,-138.514375|67.896625,-137.7104375|68.3060625,-138.7606875|68.126,-139.2760625|68.3786875,-138.111125|68.115125,-138.611625|68.4849375,-138.9176875|67.6468125,-85.7989375|0.459125,-85.030875|0.4813125,-8.004|0.0,-84.704|0.451125,-84.0103125|0.47875,-87.58275|0.4244375,-84.1334375|0.539,-83.5620625|0.481375,-86.1873125|0.4554375,-92.5174375|0.4036875,-143.38325|69.592125,-143.358|69.2648125,-143.3576875|69.9415625,-142.9571875|69.3430625,-142.3513125|69.57825,-143.2200625|69.5255,-142.738875|69.673625,-144.500875|69.669125,-143.7376875|68.8803125,-143.2074375|68.7203125,-140.06375|73.658125,-146.01025|73.0863125,-144.2884375|73.3554375,-144.9794375|73.695125,-146.943|73.8003125,-143.217125|73.7125,-143.89775|73.5305,-145.1451875|74.2655,-144.04625|74.3788125,-143.4108125|73.4093125,
-131.0216875|64.646375,-131.3016875|63.822,-130.7699375|63.8020625,-129.24025|64.1856875,-130.6105|64.216,-124.62075|64.5730625,-129.539875|64.196,-129.582|64.1900625,-129.98125|64.4264375,-129.979875|64.1215,-137.2918125|67.4334375,-138.559875|67.947,-137.1675625|67.5924375,-137.2439375|68.722375,-137.0880625|68.8443125,-137.4139375|68.836625,-137.9436875|68.3108125,-138.671875|68.480625,-137.179375|67.5575625,-138.2539375|67.9861875,-92.7075|0.4309375,-85.603875|0.435,-82.181|0.4980625,-13.0065|0.0,-82.4003125|0.49,-81.0050625|0.4376875,-80.9564375|0.4105,-76.9779375|0.677375,-76.15975|0.5929375,-81.8303125|0.45725,-142.10025|69.9995625,-143.5390625|68.894,-141.6565|69.0285,-140.1195|68.751875,-139.9660625|69.5959375,-142.1464375|69.1033125,-142.0898125|69.224375,-141.4734375|68.8305,-144.476375|70.2063125,-142.702125|69.177375,-138.3706875|72.8815,-144.6894375|74.0405625,-143.8115625|73.5154375,-144.3721875|73.810625,-144.1496875|73.9598125,-143.0241875|73.3560625,-142.206|72.614625,-144.6430625|73.4791875,-143.87325|73.537625,-143.0475|73.6245,
-130.77725|63.5790625,-131.432875|64.9171875,-129.9740625|63.862125,-130.2141875|64.3223125,-129.856375|63.9616875,-123.694875|63.9889375,-128.626125|64.22575,-129.4049375|64.3625,-128.6035|63.210625,-128.9130625|64.7121875,-136.4305|68.3815625,-136.3626875|67.8856875,-136.2395|69.2726875,-136.4755625|68.4326875,-135.4671875|67.6513125,-135.3380625|67.9365,-136.56575|68.3180625,-138.719375|68.9055625,-137.382375|69.119875,-137.5623125|68.4155625,-78.4621875|0.417125,-80.4964375|0.4604375,-77.2066875|0.58825,-83.8840625|0.38375,-11.0055|0.0,-72.0520625|0.6055625,-67.6329375|0.3636875,-66.659|0.533125,-69.9923125|0.568625,-74.9918125|0.47775,-143.0099375|69.6566875,-143.2336875|69.0064375,-142.5856875|69.3800625,-140.12325|69.8083125,-140.5551875|69.403125,-140.9030625|68.8718125,-142.0054375|69.57075,-142.3196875|69.853375,-141.7273125|69.3285,-143.381|69.870375,-137.8351875|73.0430625,-143.0485625|73.10425,-141.492375|72.95125,-142.660125|72.7890625,-143.4251875|74.6445,-143.377625|72.2355625,-143.55175|73.9849375,-143.8485|73.4873125,-142.16275|73.3744375,-140.9351875|73.432375,
-128.685875|63.7934375,-130.929875|64.6846875,-129.561375|63.96775,-129.0070625|63.89125,-130.241875|64.34425,-121.6271875|63.634,-127.8208125|64.177875,-128.736625|64.8916875,-129.114625|65.02925,-127.084375|63.742375,-135.2383125|68.0175,-135.831625|68.015625,-134.648|67.4535,-135.455125|68.2106875,-134.61525|67.190625,-134.1119375|67.205125,-135.761375|67.7574375,-135.91525|67.8265,-135.0605625|67.909,-136.93025|67.98625,-72.3975625|0.5608125,-71.75|0.46,-70.14575|0.50175,-71.3141875|0.460125,-70.5036875|0.5303125,-12.006|0.0,-60.5651875|0.51975,-58.2248125|0.48975,-61.3554375|0.38425,-64.343375|0.50925,-140.4739375|69.2894375,-142.565875|69.9141875,-139.695875|68.0598125,-139.25275|69.846375,-138.22025|69.5159375,-140.591625|69.423875,-142.1575625|70.4694375,-142.2235625|69.6798125,-141.79525|69.120375,-141.5143125|70.104125,-136.6829375|73.6589375,-142.9819375|73.3813125,-141.675625|73.9673125,-143.283|73.114,-141.181|73.2526875,-141.9865625|73.959375,-141.1579375|73.966875,-143.2060625|73.333375,-141.3305625|73.718,-140.852625|72.6486875,
-129.3281875|65.0450625,-129.4885|65.5393125,-128.395625|64.794875,-127.3455|64.6153125,-128.7866875|65.4483125,-121.6039375|65.5985,-127.1466875|64.970875,-126.8204375|64.659125,-128.006375|65.2274375,-126.150875|64.2574375,-131.033625|71.0445625,-130.41175|71.0446875,-124.3474375|65.181625,-132.1675625|71.5005,-131.5573125|71.704375,-131.6756875|71.8539375,-132.1195625|71.5024375,-132.6361875|71.7915,-132.2500625|72.0013125,-131.382875|71.2005,-56.96925|0.46075,-64.7950625|0.427375,-57.9520625|0.48,-60.8724375|0.450625,-58.0855|0.56075,-58.778875|0.450125,-8.004|0.0,-49.773125|0.4705,-51.035|0.6025,-51.7903125|0.638125,-141.391375|70.591625,-141.206125|69.727,-138.67325|70.0868125,-139.642|71.2785,-137.813|70.769,-139.13375|70.0083125,-141.2275|70.8003125,-139.779625|70.099875,-141.1768125|69.6868125,-139.170625|70.19175,-137.477|74.6126875,-140.54075|74.0794375,-140.981375|74.7838125,-141.2469375|73.558125,-140.845375|74.34075,-139.154875|73.9420625,-140.9898125|74.4265625,-141.6535|73.879875,-139.1570625|74.399125,-139.1575|73.9791875,
-124.471|67.38825,-124.26975|66.82275,-125.2089375|67.46325,-124.174125|67.05925,-124.470375|67.402625,-122.626625|68.2225,-125.0879375|68.1,-123.5969375|66.879625,-123.6225|67.598375,-124.1800625|67.0075,-134.687625|67.91325,-134.33525|68.724375,-134.800875|68.6055,-135.41125|69.24375,-133.979375|68.479875,-134.538125|69.565,-133.629125|68.104875,-133.403625|67.83325,-133.638875|68.98825,-135.622875|68.491125,-49.41575|0.41,-57.229125|0.5628125,-50.9141875|0.3400625,-51.773|0.40425,-51.277|0.4274375,-52.9316875|0.4865,-52.0154375|0.4071875,-11.0055|0.0,-44.7881875|0.5833125,-46.2465|0.4004375,-141.4260625|70.60925,-139.8616875|70.882875,-138.209875|69.879,-138.074125|70.286375,-136.7025|69.354375,-138.963625|69.951125,-139.7796875|71.0264375,-139.1641875|69.739125,-140.190375|70.479125,-138.5898125|69.924,-135.885625|73.9431875,-141.541125|74.2760625,-139.016875|74.7115,-140.32675|73.83725,-139.901625|74.115375,-139.9230625|73.83075,-139.352125|74.6143125,-140.2861875|74.3264375,-139.53225|74.1945625,-139.611875|74.7033125,
-128.4241875|64.21025,-127.3148125|64.4573125,-126.8496875|64.5608125,-127.8241875|66.0746875,-128.941375|65.21025,-118.4474375|63.223,-125.2801875|64.685375,-127.0648125|65.072125,-126.2669375|64.5755,-125.0345|64.23125,-133.73125|69.103,-134.242|68.9805,-134.497375|69.82275,-134.4805|69.5685,-133.1225|68.65075,-132.841125|68.359125,-133.93775|68.78625,-133.720375|68.80575,-133.2765|68.466,-134.119875|69.315375,-44.1364375|0.71675,-49.065125|0.642375,-43.5336875|0.5986875,-48.590125|0.611875,-46.3708125|0.6214375,-46.8676875|0.493375,-47.8386875|0.56975,-44.4373125|0.587875,-11.0055|0.0,-46.5653125|0.628,-140.64225|71.0395,-139.986|70.51025,-138.8925625|70.59075,-137.1175625|70.466375,-135.8866875|70.337375,-136.9189375|69.952125,-138.520875|70.930875,-138.3134375|69.562875,-140.027625|70.699,-139.054625|70.3733125,-129.30825|72.8935,-136.6995625|76.8375,-137.32325|77.329125,-137.9271875|78.34325,-136.47625|77.675125,-136.84925|77.700375,-137.334|78.0256875,-137.49|77.63425,-137.40575|77.589,-137.419875|77.88625,
-128.689625|63.82525,-128.53975|64.1085,-127.548375|64.334875,-126.450875|63.714,-127.579125|63.84,-120.81525|64.745875,-126.443|64.519,-125.24|63.73175,-126.455625|63.808,-125.5885|63.504125,-133.45525|68.0245,-132.949375|67.487125,-133.88925|67.512875,-132.96625|67.427,-133.365875|68.01575,-133.26|67.7035,-133.848125|67.583,-134.011625|67.705,-133.98575|68.751375,-134.5405|67.61675,-42.286125|0.397375,-43.451875|0.58025,-41.33275|0.63475,-50.294125|0.525875,-43.699875|0.47925,-46.257375|0.562,-42.815|0.459125,-45.486125|0.44,-46.254875|0.4485,-13.0065|0.0,-138.9305|69.7655,-139.156|70.086125,-137.592125|68.808875,-136.946375|69.47575,-136.61375|70.210125,-138.793|69.175375,-138.65625|70.216625,-139.452875|69.546125,-140.75825|70.7115,-138.930125|69.883625,-136.591625|73.73575,-141.119875|73.629,-141.384625|73.827125,-140.032375|73.96825,-140.86375|73.519625,-139.3325|73.266625,-141.00975|74.15375,-140.751|72.126875,-139.9835|73.971875,-140.27925|73.082875,
-124.702625|68.029125,-125.4031875|68.204,-126.3321875|68.396125,-124.461625|67.9595,-120.988375|68.042625,-124.2244375|68.03225,-124.8710625|68.3545,-124.90325|68.584125,-125.1109375|68.429,-124.7945|68.788,-135.332625|70.01825,-134.5280625|68.91375,-136.0203125|69.544875,-136.3000625|69.254875,-136.149875|70.10875,-134.8574375|68.8845,-136.8253125|69.957125,-136.044375|68.757375,-136.2564375|69.436625,-135.6539375|68.935125,-135.6561875|77.602375,-133.2810625|78.18875,-140.0523125|75.9925,-142.715375|77.423625,-140.7936875|77.214625,-141.9053125|77.6125,-140.6918125|76.16875,-141.2405625|77.4325,-141.8611875|78.028625,-141.727125|77.449,-10.005|0.0,-39.507375|0.385125,-41.906|0.46525,-41.1083125|0.36425,-44.1158125|0.43775,-40.971875|0.364625,-44.8279375|0.371375,-42.249375|0.3785,-41.3015625|0.36975,-41.48375|0.325375,-132.9651875|74.464375,-133.7916875|74.98175,-134.6204375|74.447,-134.30825|75.173125,-133.87725|75.404875,-134.5806875|74.88475,-133.994875|74.80075,-134.3534375|74.935625,-138.867|74.844875,-133.625|74.0645,
-127.363875|64.69125,-127.6885|64.972875,-127.995375|63.7025,-128.819|65.64975,-120.073125|64.621,-128.343375|65.013375,-126.692375|63.716375,-126.331|65.246375,-126.87525|63.97975,-127.667125|65.6125,-134.497125|68.56525,-136.603625|69.484125,-136.569375|68.066875,-136.218|67.6335,-135.4|69.188875,-136.26975|69.6495,-135.541125|69.5575,-135.986375|68.011125,-135.418125|68.54025,-136.337625|69.164625,-134.935625|75.8755,-131.94875|75.987,-139.99325|76.244625,-141.814125|77.034,-141.183375|76.0525,-140.536375|76.537875,-141.58625|76.585,-140.547625|76.653875,-141.2695|76.214375,-141.085125|76.172125,-38.700375|0.536125,-9.0045|0.0,-37.821625|0.385,-38.599125|0.626875,-40.546375|0.47325,-40.237|0.396125,-42.10025|0.563875,-40.42375|0.547125,-39.054|0.664875,-40.499375|0.663375,-132.945375|74.247125,-134.580875|74.734625,-136.031375|74.9195,-132.5055|72.680625,-134.172125|73.679625,-134.27475|74.418625,-132.83075|74.07375,-133.818375|74.253375,-138.144625|74.51725,-134.218125|73.7125,
-130.9648125|64.28125,-130.8129375|64.59975,-132.691375|64.6560625,-130.8890625|64.791,-126.44475|64.5075625,-135.076625|64.7175,-132.621875|65.0284375,-131.022375|65.0425625,-131.895625|65.031125,-131.19525|64.9796875,-140.5995625|68.572625,-140.7089375|68.918,-140.5396875|68.8735,-140.339|69.0421875,-140.68525|68.8538125,-140.3891875|68.333125,-136.603625|67.989375,-138.5164375|68.333,-137.4925625|68.973,-142.458125|69.2278125,-141.41775|76.4464375,-138.9314375|76.61275,-144.8165|76.5616875,-144.7320625|76.5476875,-144.751125|75.814625,-143.35925|75.715875,-144.4998125|77.446875,-144.3743125|76.8079375,-144.6255625|76.849625,-145.7484375|77.512,-46.0861875|0.3839375,-42.9034375|0.4014375,-11.0055|0.0,-47.084875|0.3495,-41.6395|0.315875,-40.6129375|0.40875,-49.2001875|0.3950625,-43.7134375|0.423125,-42.72|0.3833125,-48.196125|0.3271875,-139.90725|74.393125,-140.2198125|73.8315,-141.614875|74.3163125,-140.0011875|74.6034375,-140.3699375|74.4845,-140.07025|74.08775,-140.3288125|73.945125,-140.3121875|73.9965625,-143.1580625|74.73675,-140.4265625|74.2091875,
-134.3578125|65.942375,-131.2943125|63.4424375,-134.4264375|64.608875,-133.8738125|65.4795,-125.9933125|64.9578125,-133.2504375|65.3224375,-132.4298125|65.1150625,-132.4479375|64.3625,-132.2731875|64.583375,-132.9901875|65.3174375,-141.4421875|69.0653125,-140.154|68.921875,-141.9074375|69.0799375,-141.0935625|69.527375,-140.643625|68.4745,-141.9130625|69.6511875,-139.8365|69.3485,-140.486125|68.85875,-140.3250625|68.762125,-141.08675|68.2365625,-141.4645|76.941375,-136.967625|76.116,-147.6375|76.788,-148.2875|76.136875,-145.712625|76.0108125,-147.4805625|76.3830625,-146.218|76.3730625,-146.815125|76.70125,-145.9043125|76.857375,-147.3575625|76.839125,-74.5729375|0.521,-90.849125|0.3446875,-48.6409375|0.49425,-8.004|0.0,-89.6623125|0.3249375,-85.0985|0.3308125,-77.0234375|0.461875,-79.7958125|0.2464375,-82.974875|0.372125,-78.5618125|0.375875,-138.6469375|73.974125,-138.2640625|73.4595,-141.085875|75.194625,-139.1518125|73.483375,-138.670375|74.2795625,-136.690875|73.569125,-139.2915625|74.8393125,-139.7359375|74.6683125,-143.693|73.8899375,-140.4486875|75.3076875,
-130.2340625|65.9479375,-130.8095|65.763875,-132.3665625|65.8118125,-130.904625|66.0045,-124.2565|65.907125,-130.680125|65.8906875,-130.259125|65.4193125,-130.2900625|65.6011875,-129.3986875|65.1615625,-130.5415625|66.1463125,-138.5444375|69.7175,-138.62175|69.0256875,-139.2811875|69.2214375,-140.61825|69.06725,-139.565125|70.231,-137.7873125|69.6238125,-138.4399375|69.79825,-138.795875|69.016625,-139.78125|70.5049375,-140.881875|69.8881875,-133.8451875|78.59025,-118.1444375|64.8629375,-138.8789375|80.9801875,-140.453125|80.9621875,-139.028625|80.189375,-138.9588125|80.2936875,-137.7740625|79.83875,-139.04075|80.028375,-138.607875|79.853,-139.822125|80.4223125,-76.783125|0.1525625,-85.4623125|0.2250625,-75.15125|0.2223125,-72.8969375|0.21525,-12.006|0.0,-76.58075|0.279,-79.2126875|0.2306875,-78.338375|0.2345,-79.6156875|0.177875,-84.309875|0.2548125,-137.6761875|75.369375,-137.5275|74.1614375,-138.7690625|74.7030625,-137.8938125|75.12775,-137.4549375|74.3551875,-138.10025|75.696125,-136.524375|74.3659375,-138.2969375|74.7005,-143.35175|75.1523125,-138.132|75.4864375,
-131.8830625|66.0546875,-131.210875|65.002375,-131.8174375|64.517125,-131.947875|65.5120625,-123.411125|64.0360625,-130.006125|64.1073125,-130.70975|64.896625,-130.6609375|64.899125,-131.396875|65.0678125,-127.81575|64.309375,-138.6090625|68.2436875,-140.1668125|69.4919375,-140.308|68.7848125,-138.9908125|68.1280625,-139.589375|69.3579375,-138.46575|68.542375,-138.5608125|68.8118125,-140.110125|67.8059375,-138.4880625|69.143375,-138.9985|68.6758125,-139.4290625|76.1301875,-138.1465625|76.958375,-143.4935|76.221,-146.3424375|76.4965625,-145.461125|76.7134375,-145.366875|76.3603125,-144.5174375|75.9870625,-145.27125|76.3850625,-145.554375|76.9705625,-146.34675|76.509875,-69.9120625|0.3065,-72.1888125|0.3421875,-85.033375|0.393625,-79.4508125|0.2968125,-81.071|0.4234375,-9.0045|0.0,-78.4629375|0.4325625,-72.2151875|0.41425,-71.2331875|0.312625,-77.1959375|0.3911875,-136.409125|73.6259375,-137.321375|74.77075,-138.23125|74.6943125,-136.5788125|73.59025,-137.550375|73.695875,-137.6383125|74.64175,-136.5283125|74.1296875,-138.0364375|75.1549375,-142.7503125|74.00675,-137.92375|74.1178125,
-129.4419375|64.5300625,-129.480125|64.8645,-130.7805625|65.5039375,-129.9885|65.340125,-121.4843125|64.239625,-129.4460625|64.9295625,-129.8081875|65.470125,-127.8530625|65.02925,-130.1460625|65.4651875,-127.577625|64.597375,-138.7035625|69.5144375,-137.9696875|68.0706875,-138.8445|68.7616875,-139.3966875|68.84025,-138.8263125|69.0585625,-138.2445625|68.95675,-136.9270625|68.979125,-137.4151875|68.8885,-138.9941875|68.548875,-136.8081875|68.397125,-139.6325625|76.683875,-135.8540625|76.4859375,-145.1086875|76.8775625,-145.1886875|76.2181875,-145.93625|77.027625,-146.9345625|76.582625,-145.1934375|76.410375,-143.4764375|76.0175625,-144.5494375|76.7595,-146.639|77.344875,-62.6125625|0.6941875,-66.852875|0.6214375,-71.7428125|0.535125,-73.6598125|0.6278125,-74.96375|0.7275,-75.986125|0.601375,-12.006|0.0,-64.533|0.7099375,-60.213125|0.809875,-66.0429375|0.76825,-135.5363125|73.92225,-137.07525|74.2289375,-137.550375|73.9495,-135.7185625|73.981375,-136.3248125|73.920625,-135.8205|74.53325,-136.10125|73.9131875,-135.8395|74.3104375,-141.4336875|74.5519375,-137.736875|73.8256875,
-128.3821875|65.4881875,-128.5823125|65.916375,-129.5986875|65.742625,-130.059375|65.7461875,-120.808875|65.53175,-128.4584375|65.9450625,-128.3494375|65.61475,-127.9389375|65.626,-128.796125|66.3635,-126.963125|65.85425,-132.9203125|72.2999375,-132.907125|72.6591875,-133.066375|72.2063125,-134.6945625|72.9328125,-133.226625|72.72575,-132.3591875|72.0881875,-131.6590625|71.4833125,-132.9929375|71.899875,-133.674625|72.7756875,-122.877875|63.238,-136.67425|77.196375,-134.653125|77.4903125,-142.2806875|76.684875,-143.5995|77.2159375,-144.52425|77.806375,-143.279875|77.2803125,-143.965375|78.43325,-144.267125|77.7461875,-142.473625|76.963125,-144.175375|77.2255625,-54.11625|0.5005625,-55.814|0.314625,-63.52925|0.37575,-62.3765625|0.36675,-65.1684375|0.410375,-61.6738125|0.4260625,-64.5856875|0.421375,-11.0055|0.0,-51.77375|0.3646875,-57.9029375|0.48275,-135.8781875|76.0744375,-135.218375|75.1583125,-136.6668125|74.6708125,-134.2525|74.612625,-134.1296875|74.374,-133.7380625|75.0810625,-133.491875|74.7144375,-135.099125|75.2163125,-141.927875|75.500625,-135.412|75.02925,
-127.5834375|65.2703125,-127.81575|65.336875,-128.8075|65.535375,-128.5805|66.3639375,-120.1635625|65.7200625,-126.6674375|65.039125,-127.2129375|65.9000625,-126.691375|65.0600625,-127.6383125|65.5404375,-124.8954375|64.16825,-136.5971875|69.1603125,-134.6869375|68.844125,-138.5744375|69.5101875,-138.5616875|69.886125,-136.7208125|69.4336875,-134.4830625|68.3919375,-135.675125|69.2304375,-137.6765625|70.2473125,-136.89975|69.5416875,-135.649125|68.3595625,-137.792|78.113875,-133.77875|76.8076875,-142.5445625|77.4346875,-142.1035|77.20325,-143.006|77.836625,-142.718875|77.259125,-142.16225|77.1343125,-142.1976875|76.6469375,-142.0760625|77.00325,-143.8326875|77.9194375,-46.088625|0.1621875,-47.381375|0.31725,-54.18825|0.2524375,-54.819625|0.326125,-56.5803125|0.2428125,-52.557875|0.3066875,-55.3655625|0.2705,-53.1506875|0.291375,-10.005|0.0,-48.90075|0.345125,-132.361|76.24275,-131.31425|75.795625,-133.8748125|76.4773125,-134.5515|77.4099375,-131.4956875|75.83525,-132.501875|76.5036875,-132.7295625|76.19475,-133.247|76.498875,-122.3703125|64.036125,-132.3028125|76.291,
-126.908625|64.7728125,-127.272375|65.44475,-128.4461875|64.497,-127.6155625|64.547625,-119.5470625|64.33475,-126.6525|64.73,-128.6516875|65.7240625,-126.5750625|64.843875,-126.82925|64.6355625,-126.7809375|64.8786875,-135.892875|68.693,-135.0064375|68.0133125,-137.415875|69.1046875,-137.8658125|68.7899375,-136.412375|68.9201875,-135.7515|68.7320625,-135.9430625|68.0968125,-136.6028125|69.269,-136.111625|68.8656875,-137.3316875|68.7776875,-138.191625|77.25375,-133.1544375|76.48725,-141.77825|76.78275,-142.73925|76.637625,-141.806375|76.547625,-142.5085625|76.779,-143.246|76.6968125,-142.8471875|76.52725,-141.6478125|76.5549375,-142.81425|76.862,-41.994125|0.69175,-44.085625|0.5263125,-47.9469375|0.608875,-49.9070625|0.5366875,-49.8356875|0.5341875,-46.944|0.7343125,-51.122875|0.447625,-49.859875|0.4353125,-48.2213125|0.5163125,-10.005|0.0,-134.001875|73.639625,-132.3186875|72.8505,-135.5923125|74.2754375,-134.0736875|74.0323125,-134.3815625|73.8395,-132.356125|72.88525,-133.4855625|74.0196875,-135.0456875|74.7021875,-139.50675|73.9895,-135.5193125|73.757625,
-124.0300625|65.5296875,-122.0638125|65.1283125,-131.6093125|64.7690625,-130.05275|65.464125,-128.1909375|64.9819375,-132.638875|64.6883125,-129.426625|64.8730625,-129.666875|64.5335,-132.1455625|65.3081875,-129.820375|65.0741875,-141.138625|69.4370625,-137.1113125|69.2295625,-137.7985|69.3985,-137.12825|69.959125,-138.0306875|69.088625,-137.7795625|69.0881875,-139.2665|68.051875,-138.1153125|69.441625,-138.4689375|68.731375,-138.8954375|69.1715625,-135.02875|79.732375,-136.989625|80.5546875,-137.3811875|80.123,-136.52075|80.4900625,-137.1649375|80.162875,-136.467625|79.7083125,-136.88275|80.87625,-136.464|79.1135625,-130.4635625|73.0609375,-135.63275|79.8713125,-138.506875|69.9926875,-138.968125|70.8315625,-139.8143125|70.350375,-139.703625|70.579625,-140.9073125|70.5395625,-141.22675|70.8893125,-140.15475|70.9704375,-139.6735625|69.964,-141.9065625|70.7939375,-139.0083125|69.8318125,-12.006|0.0,-77.8755|0.287125,-72.9425|0.390125,-75.3585|0.287625,-74.534|0.323875,-72.6281875|0.3148125,-72.8756875|0.277375,-77.9374375|0.3010625,-75.258125|0.3321875,-73.028|0.255875,
-122.959375|64.52025,-121.811|64.24175,-130.09725|64.8655,-129.0333125|64.4565,-127.6483125|64.1115,-130.41475|64.04175,-131.29475|65.234,-130.183375|64.34575,-131.062375|64.01825,-129.7513125|64.536625,-139.352625|67.92325,-135.7391875|68.317,-137.825375|68.420875,-136.9265625|68.18225,-136.8486875|68.291875,-137.9580625|68.6665,-139.059375|67.768125,-138.45325|68.511625,-137.9375625|68.08025,-137.6175|68.92225,-139.8775625|76.407875,-140.66|75.69125,-141.153625|75.872,-140.947125|76.677625,-141.3273125|76.583625,-142.3711875|76.550375,-141.1536875|76.671875,-140.4389375|76.66625,-142.7284375|76.466125,-137.0316875|75.22325,-138.1506875|68.909375,-137.5815|69.609875,-139.2491875|70.287625,-139.07425|69.87525,-139.62275|70.310875,-139.681125|70.140875,-139.2584375|69.855875,-138.552375|69.377875,-142.379875|69.972125,-138.1775625|69.097625,-79.1588125|0.481,-10.005|0.0,-67.61275|0.37825,-72.411875|0.491125,-67.0421875|0.3935,-69.6638125|0.418875,-66.41175|0.40425,-65.8245625|0.462375,-80.267625|0.423,-72.9168125|0.4155,
-121.430625|67.969125,-120.5285|67.636,-125.7115|67.99175,-124.31675|67.48,-123.817875|68.476125,-125.8965|67.686625,-123.96975|67.068,-124.543|67.73575,-125.79075|68.2635,-124.107|67.598375,-139.128|69.351875,-136.050125|68.877375,-137.214875|70.292,-134.51575|69.25575,-136.091125|68.76575,-135.876375|68.540375,-137.268625|68.761375,-137.00825|68.963125,-137.312|69.034875,-136.144375|68.769125,-137.6795|75.93525,-139.783|76.725125,-139.17675|76.851375,-139.04675|76.71825,-138.8015|76.658,-138.114625|76.573875,-138.458|76.559125,-138.154125|76.082625,-139.86875|76.152375,-137.207375|76.131875,-138.10375|71.154375,-137.31425|70.699375,-137.99625|70.462875,-137.9355|70.243125,-137.740125|70.488875,-137.69475|69.970375,-138.459375|70.60825,-136.87675|70.49375,-140.904|69.84875,-137.2815|70.727125,-68.47975|0.625,-65.015125|0.51825,-13.0065|0.0,-63.7955|0.658625,-62.345|0.6025,-62.54625|0.65175,-57.855|0.550375,-61.27125|0.713125,-66.960625|0.50225,-67.35875|0.617125,
-122.911|64.91,-121.217875|64.271875,-127.87925|62.883125,-129.121375|64.703875,-126.358125|63.44875,-130.432625|63.58075,-128.584625|64.479125,-128.392125|63.856875,-129.91|63.5735,-129.043875|64.035375,-137.70225|67.8935,-133.6665|67.63925,-136.415375|68.526375,-135.223375|68.388875,-135.279|68.258125,-134.768375|67.411625,-136.90575|68.515,-135.360375|67.415,-136.961875|68.290875,-136.480125|67.566125,-138.115|76.002125,-139.4985|76.51575,-138.874125|75.53875,-138.842375|76.405625,-138.399875|75.066125,-138.537|75.721125,-139.519|76.965375,-137.710625|74.872875,-139.577125|76.088875,-136.860625|76.177125,-136.953625|69.773375,-137.035125|69.766625,-137.126|69.511125,-138.014375|70.30825,-136.944375|69.85,-137.55|69.9385,-137.85075|68.93575,-137.8425|70.612625,-140.50675|69.6155,-136.780125|69.95975,-62.943|0.370375,-60.924|0.284,-65.069625|0.478125,-11.0055|0.0,-54.94625|0.252875,-55.85575|0.280375,-53.37975|0.252625,-55.897|0.299625,-60.25925|0.20075,-62.276125|0.31,
-121.88825|63.8685,-120.220375|64.277875,-128.3855|64.298,-126.240375|62.791875,-125.974625|63.59925,-130.848|64.824625,-127.5545|64.419875,-127.367625|63.672125,-130.8975|65.519125,-128.92775|64.455875,-137.419875|68.49675,-134.44375|67.76325,-134.938625|68.142625,-135.3585|68.588875,-135.481|68.406375,-134.584875|68.272,-134.92675|67.8045,-135.8235|68.6245,-135.85775|68.287625,-135.087375|68.158875,-137.353375|75.91125,-136.946625|75.290375,-138.083125|75.492625,-137.5475|75.874,-137.76775|76.148625,-139.116125|77.0475,-138.46725|77.055875,-136.844625|75.989875,-139.83325|76.345875,-136.904625|76.436125,-136.4035|69.560125,-135.92125|69.862,-136.732875|70.16125,-136.88475|70.027125,-136.847375|69.76375,-135.747125|68.943375,-137.75625|71.149,-136.394|70.113625,-140.4185|70.419625,-135.96275|70.0095,-55.298125|0.505125,-52.35275|0.51,-57.926875|0.582125,-55.956125|0.603,-9.0045|0.0,-47.670875|0.312375,-47.485125|0.491375,-49.68775|0.6875,-55.994875|0.468375,-56.855125|0.5805,
-119.8445|64.106375,-119.27575|64.284125,-127.79975|64.539875,-125.9585|63.563625,-126.141625|63.806375,-128.897875|63.99375,-128.30025|64.720875,-126.3205|63.91225,-130.446625|64.588125,-129.048125|65.147875,-136.996875|68.042375,-134.069625|68.0895,-135.545875|68.629625,-133.914625|68.117625,-134.124375|68.071,-134.373625|68.028625,-135.627|68.133875,-136.387875|68.809,-135.435375|68.326,-133.95925|68.669125,-136.496625|75.859375,-137.95525|76.55025,-138.01225|75.90525,-137.760125|76.126625,-137.665|75.226625,-137.103125|75.325625,-137.526625|76.037625,-137.143125|76.763375,-138.55125|75.882375,-136.445625|76.455,-135.88725|70.186875,-135.98375|70.36025,-136.270875|69.40825,-136.456625|69.51825,-136.825|69.863875,-137.346625|70.461625,-136.2305|69.78375,-135.6705|69.884125,-139.618|70.035875,-134.801625|69.613875,-50.042|0.486125,-46.85275|0.45325,-51.076125|0.378875,-48.90625|0.36425,-47.87925|0.41425,-9.0045|0.0,-39.395625|0.3985,-43.95425|0.558,-52.216375|0.4335,-49.999125|0.496125,
-120.944375|64.29875,-119.48025|64.174125,-126.485375|63.879375,-126.650125|63.973375,-125.43575|64.02525,-127.523375|63.74675,-127.11075|64.8655,-127.61975|64.958,-128.70725|64.154875,-128.3705|64.99075,-136.3715|68.16075,-133.87425|68.542,-132.8505|68.961375,-133.182375|68.705875,-133.774375|68.06825,-134.994125|69.440875,-134.218125|68.3985,-132.9715|67.37425,-134.097625|67.96925,-133.41125|68.362,-136.000875|75.84525,-137.345875|76.282125,-136.82275|76.0565,-136.225875|75.712875,-136.07425|75.649875,-137.38825|75.960375,-136.37325|75.824625,-136.369875|75.57,-139.276375|76.54875,-134.886|75.70425,-135.38175|70.3855,-135.07825|70.096875,-134.878875|69.582875,-135.738375|69.936625,-136.34975|70.55825,-136.044375|70.088625,-135.473625|69.97675,-134.013625|69.099375,-139.255875|70.386875,-134.792125|70.025875,-44.669|0.539,-41.456625|0.479,-45.283375|0.365375,-42.334375|0.3975,-40.2385|0.364125,-40.341875|0.351875,-7.0035|0.0,-38.831375|0.560875,-44.317125|0.442,-43.379|0.3245,
-121.403875|64.11875,-118.66325|63.72775,-125.578|64.23,-127.083875|63.594375,-124.3685|64.052125,-129.19475|65.072375,-126.498125|63.797,-128.531625|65.0425,-129.485|64.681875,-127.559125|64.158875,-134.47575|67.852,-134.51275|68.79625,-133.200125|68.089875,-133.5045|68.588,-134.050625|67.8775,-132.475125|67.46575,-134.867875|67.4305,-133.2145|67.613375,-135.35075|68.791375,-133.224125|69.55025,-134.354625|74.39575,-138.331125|76.901375,-137.24775|76.142,-137.352|76.85225,-136.893375|76.58,-136.43875|76.138125,-135.031125|75.197875,-136.838875|76.39225,-139.966|76.457,-135.697375|76.03125,-134.260375|69.943375,-133.897875|69.192625,-135.52425|70.397125,-136.896125|70.166375,-135.34225|69.700125,-136.321375|70.307125,-135.954375|69.349125,-136.55475|69.754,-138.716625|70.361625,-134.9405|69.725125,-41.41275|0.635375,-42.698125|0.776625,-45.129125|0.724,-41.38775|0.815,-40.6525|0.718875,-39.77625|0.6065,-39.378125|0.759,-11.0055|0.0,-41.56275|0.72725,-41.7065|0.603625,
-123.5211875|63.805125,-124.922125|66.130125,-128.9993125|64.955125,-127.7795|64.5055625,-128.260125|65.0759375,-129.6158125|65.6503125,-128.445875|65.0240625,-129.0960625|65.4538125,-130.43725|65.1005,-129.2470625|65.3735,-139.4045625|70.2655625,-136.7275625|68.5089375,-136.5965625|69.122,-137.0423125|68.857375,-137.1814375|68.16925,-137.7921875|68.962625,-139.694625|70.05775,-137.3358125|69.438875,-139.044125|69.2823125,-137.6881875|69.888125,-142.5374375|78.067,-141.8625625|77.290875,-142.7524375|77.4294375,-141.754625|76.692875,-141.421875|76.452,-141.7323125|76.9773125,-142.200375|77.167,-141.1075|76.327625,-143.190875|76.4909375,-139.8543125|76.408125,-135.181625|73.9549375,-134.382375|74.149625,-135.9614375|74.6245625,-135.3134375|73.2438125,-135.3755625|74.1943125,-136.2278125|74.4835,-136.1659375|73.84825,-135.0423125|73.0665625,-123.3945625|60.5968125,-134.5428125|73.4081875,-39.693125|0.3401875,-38.746125|0.333625,-45.2138125|0.3809375,-45.4825625|0.24375,-41.8636875|0.3365625,-40.26675|0.3340625,-37.5170625|0.2218125,-43.9450625|0.3506875,-11.0055|0.0,-43.655125|0.371,
-125.3720625|65.50525,-124.63675|65.8759375,-129.605875|64.3916875,-131.1025625|65.0478125,-129.0714375|65.0193125,-132.544625|65.0455625,-129.467625|64.3771875,-130.991125|64.5478125,-131.86625|64.98275,-131.4781875|65.58,-122.6405625|61.5254375,-132.763375|71.752875,-132.4365|71.64675,-132.1364375|72.118625,-131.857125|71.4390625,-132.6593125|72.0805,-133.0435|72.228375,-131.385125|71.7646875,-133.397125|71.7979375,-131.6615625|71.6225,-140.1228125|76.40525,-141.4143125|76.993875,-141.8829375|77.84675,-140.999|76.3885,-141.006875|77.935125,-141.0599375|76.9036875,-139.8954375|76.2726875,-141.6019375|77.506125,-143.797625|77.9103125,-139.02875|77.2215625,-141.1745625|70.9375,-140.4989375|71.00375,-140.210125|71.125875,-138.6853125|69.500875,-140.5578125|70.233125,-139.706625|69.684,-140.199125|71.138125,-141.1899375|70.7019375,-140.5396875|70.9073125,-139.2288125|69.8986875,-82.205625|0.447625,-77.0259375|0.407375,-69.37325|0.421375,-70.609375|0.5646875,-74.951|0.414875,-76.1629375|0.3769375,-79.065875|0.3726875,-74.8534375|0.365875,-45.316375|0.4025,-11.0055|0.0,
