-11.011|0.0,-43.71325|1.20625,-39.730625|0.475625,-43.83725|0.889625,-38.257125|0.647625,-42.8355|0.830875,-44.094375|0.7445,-43.0255|0.78925,-140.15525|62.20475,-145.89375|63.83775,-141.385375|62.07475,-144.054|62.596875,-140.689|61.680375,-143.213625|63.59175,-143.6005|64.337625,-139.061625|63.4075,-149.9295|73.44575,-152.73975|72.399,-152.201375|73.093625,-152.684375|74.32125,-152.5265|72.99525,-151.644875|72.8075,-152.419625|73.3415,-153.530375|73.90125,-149.991125|70.392875,-149.90325|69.054125,-142.00125|68.558625,-147.0405|66.968875,-148.6615|68.074375,-147.597125|68.339625,-148.1195|68.939125,-151.242375|68.747375,-155.208875|70.5695,-152.073875|69.245125,-154.27375|69.742375,-151.50275|69.361,-153.32025|70.99,-153.091125|70.009875,-154.117875|70.92,-154.105|71.339,-158.17575|71.94375,-154.576125|69.70875,-149.481125|70.01375,-156.56425|69.17525,-158.2325|71.592375,-153.972875|69.168625,-153.14775|69.67225,-159.370375|71.939,-141.3235|71.854125,-140.3475|70.834125,-140.64625|69.66325,-142.475875|71.751,-139.814125|71.138375,-140.6635|72.0495,-139.851625|70.546625,-134.786625|63.555,-162.185875|78.3125,-160.40075|77.392125,-157.767625|75.910625,-160.25475|75.59775,-152.13475|75.58525,-156.342875|75.33275,-159.297|77.791625,-160.1265|77.73,
-36.35725|0.7335,-11.011|0.0,-80.6875|0.5385,-76.768|0.688,-73.489875|0.787,-82.508375|0.7075,-70.79125|0.705875,-76.915125|0.867125,-136.66225|67.1895,-133.814875|66.34525,-138.600125|69.442625,-135.93925|68.327375,-134.437875|67.81025,-133.597125|66.008625,-135.097625|67.557125,-120.809625|56.3555,-144.62225|76.801,-139.321875|69.59875,-147.57425|79.10825,-147.26875|77.652625,-148.691125|79.356625,-145.016875|77.936625,-145.464|76.93225,-145.72875|76.5225,-135.413125|69.579125,-136.354|69.66,-122.317375|61.203875,-138.054875|71.037,-137.518125|71.618125,-136.797|71.11525,-138.080125|71.470625,-136.018875|70.0625,-138.963875|64.518125,-149.78075|77.44075,-144.22825|73.456875,-144.44775|74.351875,-143.173|74.61375,-144.999875|74.5215,-144.9505|74.038,-144.191875|73.614875,-152.748625|71.329125,-155.592125|73.82175,-143.548|71.91925,-155.3375|72.460625,-155.117|73.611,-154.875375|72.228875,-153.948375|71.916,-155.005625|71.479375,-144.62275|72.314875,-143.43|71.07275,-141.4705|70.1165,-140.576125|69.724875,-142.5565|71.954,-142.462875|70.006125,-143.477875|72.148625,-142.422125|70.6765,-156.93775|79.402125,-155.653625|78.10525,-154.864|78.091625,-156.149875|78.641375,-148.897125|79.756875,-152.365625|78.167375,-154.03575|78.855375,-154.6195|77.75575,
-106.924875|1.14725,-92.985375|1.057125,-8.008|0.0,-82.31925|1.215375,-75.9225|1.281875,-76.400875|1.027375,-83.254|1.361,-78.34175|1.348875,-140.687625|62.165875,-142.836|63.5165,-144.455875|64.87575,-144.488125|61.834375,-144.952125|63.927,-141.932125|61.03975,-140.9695|62.327875,-138.012|61.439625,-147.299625|71.39675,-157.107625|72.074375,-152.612875|71.254125,-154.56675|70.908125,-155.24875|72.770875,-153.743375|71.1545,-155.91075|73.099,-155.686625|73.08275,-152.98225|68.27075,-149.33425|67.287,-138.7755|66.38075,-150.775875|68.62175,-150.231875|66.961375,-149.614625|67.860125,-151.490375|68.391,-150.119125|65.580875,-160.1255|68.35225,-151.435875|68.3915,-154.172125|70.5285,-152.8755|69.71225,-151.3745|68.937,-152.707875|70.049625,-152.90075|69.5405,-151.840875|70.283375,-157.4415|68.729875,-155.583875|69.317,-145.924625|67.1635,-154.69|68.467,-158.05225|69.869625,-159.60475|68.87325,-158.4485|69.849875,-157.855|70.309875,-142.582625|67.5005,-144.59525|68.9475,-143.116|67.884625,-144.87625|67.710625,-142.773|67.468625,-143.205375|68.231375,-144.1145|67.834125,-153.407125|69.955125,-157.44525|75.70475,-161.118|76.268875,-156.85675|74.86875,-156.953125|74.942875,-151.088625|74.192875,-159.638|76.174125,-158.44075|76.2635,-156.510375|74.820375,
-102.075875|1.33725,-83.023125|1.102875,-75.336875|1.24075,-12.012|0.0,-70.291125|1.273375,-68.624875|1.3035,-74.1595|1.33025,-69.4995|1.561875,-142.450125|63.750375,-140.889875|62.45475,-141.61375|62.925,-140.08475|62.3825,-139.857|62.339,-136.723625|60.53225,-140.6235|62.41975,-136.6915|62.133125,-147.597375|71.0665,-154.809625|72.549375,-153.83275|71.733875,-154.482125|73.278875,-148.03275|70.545875,-149.603375|68.760875,-151.48275|70.155875,-153.5765|71.55375,-149.868875|68.12725,-149.070875|67.34525,-141.161125|67.3265,-150.318875|67.7615,-150.58|68.063125,-145.637|66.404625,-147.9445|65.318,-147.55625|67.043625,-157.5695|69.46,-151.82|69.401875,-150.60475|69.624,-149.8645|68.765,-151.34875|70.46375,-149.480625|68.67675,-153.160375|69.40925,-151.459|69.739625,-155.028375|69.127625,-152.142125|66.53475,-146.1875|70.207375,-153.49975|67.9595,-154.31725|67.473625,-154.796125|66.56025,-155.72425|68.919,-159.567|70.99925,-143.716625|67.868625,-144.852875|68.58725,-143.08275|67.925,-141.770875|66.413625,-144.355875|68.19,-147.328125|70.24175,-144.366125|69.0325,-149.95525|68.92475,-157.09275|75.07175,-155.357625|74.121,-155.782875|74.04875,-156.6505|76.213,-148.00625|73.168,-157.798375|76.109375,-157.14325|75.82075,-159.097375|76.980375,
-84.918625|1.041,-74.907375|1.3245,-62.0205|0.84025,-72.643375|1.18875,-7.007|0.0,-55.080875|1.567125,-63.310375|1.116375,-62.2265|1.249875,-139.853125|61.961125,-138.44775|62.083875,-140.0605|61.751375,-139.310125|62.935625,-139.315875|63.004875,-138.495125|63.15225,-137.897625|62.909875,-133.925375|61.634,-146.020875|72.4095,-152.4365|70.874125,-155.327|71.712375,-152.77525|72.412875,-153.632625|71.585,-150.463|70.92575,-150.21875|70.385375,-149.24075|70.8075,-145.602625|67.054125,-147.337875|67.974625,-137.9765|67.990625,-147.942875|66.485,-148.634125|66.219125,-144.99275|65.33425,-149.335875|68.096375,-150.71825|67.95,-156.67775|68.478375,-150.26475|69.365,-148.8075|69.43225,-147.278625|68.64525,-150.875125|69.673875,-150.0525|70.008125,-152.23075|70.54,-149.749125|69.582875,-150.917375|67.771375,-152.799|69.690875,-145.169875|69.287,-152.422875|67.292375,-156.118|70.736125,-155.632|67.714,-153.839|69.60925,-154.2695|68.52675,-140.029125|67.40175,-142.12025|67.645625,-141.280125|68.091375,-140.49225|67.538125,-140.6285|67.380375,-140.313125|67.144375,-139.49025|67.038375,-148.774|68.639875,-156.489375|75.8,-157.013125|75.56875,-155.50375|75.621625,-156.10175|75.148375,-147.454|75.6945,-154.06925|75.885625,-153.967375|74.5035,-156.00775|74.13825,
-71.649|0.774125,-69.07475|0.7485,-52.9545|0.685625,-60.434875|0.79975,-55.527125|0.90825,-11.011|0.0,-53.851625|1.089125,-50.89575|1.024125,-135.7595|60.386875,-137.620125|61.16375,-139.06925|61.030125,-136.999125|62.392625,-138.619625|63.0365,-136.475375|62.147625,-139.40175|63.19925,-132.329625|62.121625,-144.236875|70.677125,-152.3415|71.43525,-148.91075|70.678375,-150.37|70.101625,-150.1875|72.728875,-148.77775|70.530625,-149.480875|70.031375,-153.030125|71.408625,-148.541|67.83125,-145.96875|67.731,-138.2875|68.803875,-146.01375|67.532,-146.332875|68.96075,-145.223875|67.868375,-145.974875|66.10225,-150.648375|68.63325,-158.173|69.097,-147.770625|67.983625,-150.78675|70.257,-148.750375|70.070375,-147.271875|68.856375,-147.087625|69.7585,-150.197|69.716,-146.99875|69.327,-153.30925|69.010625,-151.018125|68.4605,-142.22475|68.830625,-154.188375|70.686,-153.245875|69.44,-155.005625|69.236875,-152.1565|69.2325,-154.463|70.211375,-138.164875|65.965625,-143.095875|67.62275,-137.240375|66.437125,-142.04675|68.36625,-139.9255|67.567125,-140.04925|66.297125,-142.081375|68.69675,-147.10075|67.637875,-155.933625|74.842875,-156.315875|73.848625,-152.8685|73.891875,-153.7945|75.559875,-146.721|75.206375,-155.239625|75.326875,-151.562625|72.368125,-154.38325|74.476375,
-59.99675|1.159375,-58.066|1.03225,-44.21075|1.158375,-48.273875|1.552625,-44.684375|1.09825,-45.072375|1.012875,-9.009|0.0,-45.647625|1.48075,-136.347625|61.836375,-136.534125|63.845375,-136.997|63.0595,-135.34625|63.7905,-133.22025|61.939,-136.95425|64.01175,-136.9905|63.77675,-128.67475|61.619375,-141.619875|71.987625,-147.4745|72.0555,-147.873375|73.392625,-151.998125|73.3445,-148.656|71.918375,-148.78025|72.40875,-147.771|72.51025,-150.24325|73.052125,-141.112375|67.446875,-146.464625|68.94925,-133.916625|67.736875,-146.6205|67.433375,-148.381|68.050125,-145.025375|68.0505,-143.496125|68.1235,-145.075875|68.0995,-156.7525|71.003625,-144.21325|68.966625,-151.993375|72.622,-146.102375|70.7115,-148.264|70.722625,-149.21925|71.456625,-144.33775|69.448,-145.1405|69.930875,-144.473875|70.581125,-144.845|69.76575,-127.6375|59.7485,-144.1255|70.7095,-144.884625|68.9265,-145.056|70.782125,-143.491375|70.422375,-145.10775|69.252375,-137.917875|68.33525,-136.492625|67.4,-136.80475|67.888125,-138.36|66.90875,-138.2845|69.2085,-139.87025|67.96275,-135.796875|67.355,-142.5285|67.336625,-153.8655|75.251875,-154.1855|76.03,-153.410875|75.369,-151.598125|74.285875,-146.633125|76.4325,-152.251125|76.418125,-148.75275|74.6805,-151.71025|75.109625,
-49.405375|0.978,-49.5625|1.124625,-41.318|0.998375,-43.78725|1.255375,-38.64875|1.364125,-41.94725|0.811375,-44.4985|1.19825,-12.012|0.0,-133.807875|61.156125,-134.050625|63.06175,-133.0465|62.219875,-132.888875|61.14825,-135.6205|63.49875,-136.0525|63.42175,-137.21525|63.519625,-130.873|62.752,-144.55775|72.3195,-149.17575|73.0775,-147.149625|72.360875,-148.09975|71.08475,-146.526625|73.38675,-149.205375|72.176375,-148.06825|72.405,-148.129625|71.975875,-143.049375|67.2125,-143.258625|67.779875,-134.785125|67.708125,-143.1145|67.970625,-148.0965|69.28725,-144.23925|68.39825,-144.306375|69.093375,-145.8525|68.13075,-153.34|68.23925,-145.894875|69.784,-146.140375|69.680125,-146.333875|70.664,-147.840375|71.338375,-148.81875|71.112375,-146.832875|70.694,-145.111|69.098,-149.03625|67.873375,-149.986375|67.932625,-140.571375|69.08675,-151.369625|68.860625,-152.172875|68.275375,-150.00175|67.7725,-149.5935|68.59425,-153.222625|69.190125,-137.484375|69.325125,-136.45775|67.137125,-138.25575|69.14675,-140.588625|69.467,-138.818375|68.61525,-138.19775|68.518875,-136.372375|68.497625,-146.141125|68.79675,-148.279125|77.0945,-146.765625|77.67425,-148.977|78.477125,-143.889|74.937375,-127.86125|63.94425,-147.570375|77.7465,-145.491375|76.833625,-144.6415|75.62025,
-151.541125|77.1505,-152.01775|75.463375,-153.658125|76.1355,-153.841875|76.277125,-154.9005|75.10375,-153.842625|75.450625,-154.469375|75.9715,-155.52325|76.62925,-7.007|0.0,-39.60325|1.41225,-50.410875|1.678625,-36.440125|1.57325,-36.18225|1.062125,-49.800875|1.28175,-49.309625|1.5615,-49.800125|1.416375,-152.682875|76.447,-151.914875|75.551625,-151.450125|74.940375,-146.92475|74.193,-153.1515|74.771125,-153.097625|75.650125,-151.40375|75.023125,-154.743125|74.270375,-142.036|71.325125,-143.931125|72.093375,-145.212375|74.024625,-134.295625|63.5445,-144.537875|72.512125,-143.268375|72.276125,-141.71475|72.044875,-142.107125|71.81175,-156.6305|72.834125,-153.781125|72.151875,-156.89675|74.314625,-151.21|70.794125,-152.21575|72.585625,-156.062875|74.608625,-149.139625|71.422875,-151.63075|72.503,-156.704875|72.4085,-151.477375|69.607,-153.02125|71.207375,-154.618625|71.555375,-157.003625|71.774875,-157.272375|74.42375,-153.3955|71.432,-152.97425|71.29275,-147.239625|70.886125,-145.544|70.7405,-145.421625|71.318875,-148.271|69.968625,-146.50525|70.029,-143.95275|71.424125,-146.3615|71.369125,-143.89275|70.516375,-158.4635|76.644125,-157.67625|78.203,-158.109875|77.43,-158.3125|77.451875,-161.840625|78.94075,-159.58975|78.757875,-156.785625|77.5915,-159.996375|80.166,
-149.774375|74.740125,-152.249125|75.613375,-159.382375|75.939,-156.247375|75.05,-158.02325|74.603625,-156.357875|76.132,-157.02375|75.520375,-154.844125|74.063375,-41.94775|1.29875,-10.01|0.0,-84.973625|1.383375,-81.26975|1.091625,-75.33775|1.191875,-80.361625|1.309375,-89.7195|1.713,-96.37625|1.222375,-153.35775|72.334375,-155.644|73.047625,-155.245125|73.801,-146.908|74.350625,-152.8055|72.386375,-157.229375|75.104375,-152.730875|72.392,-152.291|72.382625,-148.558375|71.576125,-147.39|69.66475,-147.53325|70.982875,-147.9535|69.785625,-148.98925|69.568125,-149.26575|70.806,-146.10525|67.9975,-148.016625|69.03,-151.795875|72.039,-153.2505|71.245875,-152.654625|72.245125,-152.701625|71.47275,-153.823625|72.1955,-151.54075|70.738625,-150.2005|71.6555,-151.095375|71.7835,-153.526125|69.515875,-154.208875|70.980625,-156.73375|71.581375,-156.568|70.58575,-154.077875|70.208875,-150.215625|69.83525,-149.953125|69.19875,-153.711|69.6385,-145.813375|69.16575,-145.582|68.78675,-145.27825|70.302375,-143.063875|68.259375,-146.488625|71.413125,-141.289625|68.9195,-145.803625|70.109625,-144.884375|69.66825,-161.52175|78.3955,-157.1335|75.978875,-158.386625|76.958125,-159.829375|76.70175,-158.23675|76.1585,-162.60625|77.135625,-161.409875|77.377625,-163.717375|78.43575,
-148.683125|76.3705,-146.94525|76.116,-157.336875|77.057375,-153.13575|75.708375,-152.788625|75.630375,-156.045625|75.643375,-149.909625|74.33275,-153.446875|77.0085,-69.608|1.38525,-73.887|1.321125,-12.012|0.0,-70.7435|1.068,-70.236625|1.13775,-78.89475|1.72525,-79.187875|1.343,-81.145625|1.498875,-141.70575|73.76225,-144.2075|75.457125,-142.450375|73.852,-138.48925|74.648375,-144.21675|75.47875,-143.34275|75.8865,-142.641125|74.033625,-142.640375|74.81125,-148.613375|71.73225,-148.15925|70.93775,-146.33875|69.865,-148.6885|71.231,-149.762|71.901,-145.54375|69.216125,-146.423375|69.98625,-146.908|69.258125,-148.735|71.98925,-151.473125|72.488375,-153.03425|71.86725,-147.99775|70.246875,-151.91975|71.9435,-151.227125|73.1355,-146.141125|71.80525,-150.860625|73.0635,-155.096875|71.860375,-153.8155|71.2305,-151.97225|70.53175,-152.253125|71.591875,-151.25375|70.632375,-149.23825|72.002,-148.738125|71.240875,-148.63125|69.141625,-141.560375|70.432125,-142.085625|69.36125,-143.960625|69.252375,-141.105375|69.296125,-144.648125|71.727375,-139.449375|70.486125,-142.350625|70.759375,-141.619625|69.623375,-159.468875|77.57475,-159.31825|78.2975,-158.412375|78.043625,-157.194125|76.50525,-159.328375|78.737625,-158.60075|78.270625,-156.609625|76.957375,-160.017125|76.959625,
-148.265875|75.707875,-148.881625|76.0835,-153.111375|74.228625,-149.334|73.432,-150.95275|72.54225,-157.67075|75.216125,-153.616375|75.122875,-150.12075|73.90925,-69.612375|1.350875,-77.524625|1.7905,-82.88475|1.972,-7.007|0.0,-61.032|1.419125,-68.59375|1.5485,-69.77225|1.58275,-69.89025|1.813875,-151.0655|73.0895,-154.405875|72.835,-155.0355|74.195,-142.296625|72.47025,-149.434125|71.94075,-151.09875|73.024375,-149.840125|72.00575,-149.526|71.213625,-146.04125|67.948625,-149.338|70.147625,-146.183625|69.18825,-145.820375|68.557375,-146.000875|68.89,-144.365375|69.533625,-148.001875|70.575,-142.3085|66.91325,-150.465875|71.222,-148.65275|70.898875,-151.568875|71.161125,-151.291375|70.991875,-149.542375|71.0,-149.445375|69.939125,-144.906|70.045375,-149.587125|70.787,-152.16675|69.8225,-151.09475|69.269125,-151.297|70.286,-151.01975|68.8805,-153.05|71.353,-147.6015|69.789625,-148.247|69.34625,-151.46725|70.947,-144.2595|69.79425,-138.0325|67.961125,-143.70725|68.73025,-145.075875|70.789125,-143.167375|70.455625,-140.56225|70.422,-140.683|68.107,-143.427375|71.607875,-157.104625|77.04325,-154.931125|75.09375,-156.831375|77.615,-162.12125|78.48825,-159.33425|76.95375,-157.204125|77.20925,-158.7015|76.581125,-157.66275|75.95225,
-142.149375|73.6145,-143.878375|74.877,-153.707125|74.822,-152.232375|75.52925,-156.129875|77.765625,-154.65025|75.125875,-149.641625|75.1545,-148.716375|73.763375,-56.07325|1.168,-63.67575|1.394875,-69.55875|0.90025,-60.846875|1.043875,-7.007|0.0,-53.91925|1.42275,-55.89075|1.382125,-53.30475|1.547875,-151.37375|73.282875,-149.771875|73.34925,-151.332|72.706875,-141.633875|73.14375,-148.109|74.151125,-147.5305|74.134375,-150.32575|74.870875,-149.966125|74.281375,-143.01475|69.643,-147.37225|70.899125,-146.732125|71.006125,-145.374375|69.835375,-142.78175|68.08725,-144.343375|70.14175,-147.265|71.569375,-143.106125|70.0395,-147.167625|71.720875,-148.199125|71.44025,-148.9115|72.847875,-148.334125|72.256,-147.21275|70.5,-151.77625|73.3655,-146.08125|72.8195,-150.344875|74.23775,-150.976875|71.832,-149.404625|70.414375,-150.64525|71.984625,-150.170125|71.70575,-150.228875|70.68875,-148.04|71.219625,-148.70975|70.533,-149.01325|70.463125,-143.5605|72.1555,-142.56275|71.50325,-141.838|70.163125,-141.684|71.253125,-141.79325|70.855125,-136.442625|70.074625,-139.665125|71.424125,-138.996125|70.38775,-152.375125|79.857875,-152.0845|80.405,-147.884125|76.809375,-154.484|81.50575,-154.0715|80.761875,-155.433625|82.626875,-156.412625|81.66875,-153.217875|80.297625,
-143.396625|76.22325,-142.743|75.83325,-151.895625|76.159,-154.679625|78.68925,-152.97175|77.57575,-153.933125|78.279,-151.0855|77.299,-150.208375|76.14175,-46.0415|1.354,-48.351375|1.753,-56.6315|1.7075,-46.098375|1.87275,-43.471375|1.52375,-9.009|0.0,-44.52975|1.2565,-43.987875|1.57375,-147.261|73.63575,-148.31475|76.183,-151.91825|74.914,-143.2495|75.83,-148.435|76.33175,-148.56175|74.021,-150.5235|76.05475,-150.132625|77.187,-145.996375|70.983,-145.29875|70.951,-144.7505|70.74125,-144.16975|70.91875,-145.638625|71.47075,-144.84075|70.60625,-144.41875|71.19675,-143.367125|71.381,-149.019125|77.2285,-148.09025|76.93225,-150.13825|77.848,-145.854375|74.563,-147.83|76.1575,-145.781625|74.64125,-144.6905|75.55175,-144.875625|75.357,-144.8845|72.2885,-148.614125|74.50125,-150.6115|76.64425,-146.957|73.912,-146.712875|74.60675,-142.410375|71.97225,-149.5195|75.56975,-148.300375|75.643,-139.418|71.09675,-141.175125|71.32175,-143.73475|73.24675,-142.528625|71.93575,-141.22075|70.76775,-136.223875|72.095,-139.75925|70.08075,-138.600625|71.60175,-151.22425|76.9985,-154.9785|79.06375,-155.040875|78.68375,-154.90325|78.72475,-155.866375|78.637,-154.71025|78.51625,-156.72875|79.13075,-155.635|77.546,
-143.30475|76.5345,-143.13825|75.52325,-153.689|77.519,-150.6135|74.555,-149.141|74.56125,-152.82825|76.83075,-149.64|77.19375,-149.53725|73.7215,-40.00975|1.8625,-40.13025|1.4795,-49.08875|1.69975,-38.06375|1.622,-36.70125|1.7765,-45.90075|1.342,-7.007|0.0,-38.62625|1.68575,-148.21525|73.12875,-149.3985|73.98525,-148.98975|74.702,-139.934|74.58625,-146.194|73.828,-144.96125|73.184,-150.5325|75.202,-148.65275|74.13125,-143.60325|69.67725,-144.40175|70.8495,-143.5265|70.91925,-143.0675|69.49525,-143.1545|71.03875,-141.29225|69.1695,-143.2955|70.53825,-142.75675|70.67175,-147.21675|71.70825,-145.25625|70.67475,-150.168|72.21225,-147.193|72.792,-147.96225|71.6705,-147.67675|71.0855,-142.3715|71.37925,-145.61975|71.101,-150.59975|70.516,-148.4065|71.3325,-150.5075|71.89775,-147.8435|71.1835,-149.1005|70.5105,-146.05125|70.54625,-146.58175|70.6345,-147.34125|70.66,-140.5145|72.65325,-138.38425|72.7235,-139.29875|73.48775,-140.717|75.02525,-142.736|74.882,-136.49|73.27925,-137.68725|72.76275,-137.82775|73.25925,-151.953|76.616,-155.00725|78.53275,-152.51675|77.57175,-154.635|77.85425,-156.824|77.9075,-156.5775|79.19425,-155.5985|80.10025,-154.1675|78.35475,
-140.77625|76.04775,-143.7045|79.514,-149.45425|80.3645,-148.65675|78.4225,-147.718|78.2975,-150.4815|79.4385,-147.95075|78.13975,-150.121|79.56075,-32.711|1.1795,-34.83875|1.1215,-37.8215|1.0365,-30.99975|1.07825,-30.20925|0.7365,-38.10625|1.10825,-36.48575|0.929,-9.009|0.0,-148.3005|72.73775,-147.01075|74.02125,-146.246|72.29025,-139.72875|74.52575,-148.74925|75.03,-148.00775|74.44125,-146.64775|73.55825,-142.85925|72.54225,-142.9705|71.202,-143.7785|71.38175,-141.23|70.23975,-142.4425|70.10225,-141.0665|69.1875,-142.50125|70.26125,-139.94425|69.7695,-139.60825|69.216,-147.26775|71.49025,-143.7135|71.279,-145.60375|71.473,-145.94175|71.314,-148.28775|72.94675,-144.03825|70.44775,-144.322|72.9175,-145.64025|71.6305,-149.10575|69.969,-150.09975|72.789,-146.98275|69.8385,-145.99875|69.952,-146.4325|70.13875,-145.7725|72.357,-144.52425|70.081,-147.195|71.8755,-139.88825|70.395,-140.2215|71.023,-138.7995|69.83325,-138.21975|69.551,-138.758|70.09475,-134.16|70.1155,-138.8455|70.01275,-136.08375|69.71775,-154.223|77.7855,-151.697|77.731,-151.58125|78.4465,-154.3755|77.9035,-152.06025|75.67975,-155.48175|77.88175,-152.7295|75.2425,-153.573|77.448,
-155.27825|74.072375,-154.74025|72.723875,-154.880875|74.22775,-157.208875|74.686875,-159.014125|74.11325,-159.0265|73.723,-154.960875|73.370625,-157.489625|74.0965,-147.102375|63.598625,-145.735875|62.7265,-142.722875|63.2675,-146.505625|63.634125,-144.37375|63.357625,-149.145|64.645,-143.76225|62.859,-143.65625|61.354125,-11.011|0.0,-43.672625|1.19025,-39.775|0.86575,-40.535875|1.080125,-39.534|0.90475,-41.074|0.903375,-45.480125|0.719125,-40.448875|0.80325,-150.323125|65.953,-151.298125|68.232875,-148.9|69.7205,-149.78|68.439,-146.617375|65.133,-146.54975|68.478375,-150.1545|67.9625,-149.46325|68.027875,-158.768|70.3325,-158.62975|68.9455,-159.32175|70.38025,-158.102375|70.498125,-160.427|71.557125,-157.33425|70.74425,-157.6965|70.06275,-158.753375|69.946125,-156.0585|69.252375,-150.908875|69.164625,-157.7285|69.096625,-159.43625|69.486125,-154.762|68.03925,-156.420375|70.062375,-156.758375|68.592625,-155.36175|68.428625,-150.101125|69.181125,-149.3625|68.113625,-154.86075|69.000625,-148.1445|67.3725,-146.38925|68.1935,-146.17475|66.905125,-147.576125|68.642,-148.55|68.741,-157.90625|75.5875,-153.502875|75.575375,-159.396|74.99825,-159.3915|75.588125,-158.106|75.721125,-163.200375|75.5005,-163.338875|75.962875,-159.590375|75.27725,
-136.87775|72.6705,-131.116125|64.61975,-142.42275|73.6285,-140.216875|73.017375,-141.489125|72.3695,-142.018625|72.995875,-141.093125|72.3485,-139.6425|71.697375,-144.83675|62.986125,-147.186875|64.5845,-141.809375|62.897,-143.816125|62.013,-142.914125|62.2175,-144.376375|62.752375,-142.759625|61.557625,-143.333125|61.009375,-40.832375|1.27175,-12.012|0.0,-79.283375|1.211875,-82.659625|1.52675,-78.236125|1.297875,-76.952875|1.318375,-78.325375|1.359125,-79.933125|1.15625,-148.21325|66.521125,-146.37775|67.69725,-146.978|66.906125,-147.0385|67.865875,-146.54475|66.39475,-142.1235|66.83625,-146.224|67.847125,-145.0485|65.371875,-156.26075|71.206125,-151.95925|69.0285,-154.632625|69.896125,-156.69675|68.984625,-154.221|70.003875,-155.87675|70.822125,-154.37675|72.0435,-155.080125|69.823125,-153.02425|70.250375,-148.650375|69.69625,-155.17025|69.8305,-155.9615|67.9675,-156.43275|69.65525,-158.0795|69.871875,-154.751375|68.9,-158.459625|70.784875,-146.5965|68.07725,-150.039|69.183875,-149.765125|70.764875,-148.75525|68.821,-148.928125|68.17675,-146.175625|67.876375,-149.537125|69.80175,-146.309|67.59,-154.136625|76.4175,-154.45475|77.762875,-158.39075|74.154875,-161.171875|75.881,-160.01925|76.6795,-157.574|74.642375,-158.264625|75.2475,-160.399875|76.441375,
-149.458375|72.857875,-156.250375|73.179,-158.847125|73.674625,-159.610375|74.529625,-160.353375|75.50025,-157.419875|73.734375,-157.54125|73.844125,-152.940625|71.552375,-146.958875|63.414625,-145.257375|61.683125,-136.462875|61.189625,-145.298|63.308875,-145.167|63.19775,-144.78425|61.97675,-145.209875|62.02525,-146.00725|64.432375,-90.952375|1.534125,-82.02475|1.399375,-11.011|0.0,-78.64925|1.04425,-76.4485|1.310375,-78.786|1.58925,-79.33875|1.186,-78.131875|1.061375,-153.28725|70.225125,-148.531625|68.1185,-144.122|66.77075,-150.562875|67.003625,-145.942|66.54075,-145.9565|68.702875,-148.20675|67.087125,-147.43475|67.261125,-157.862125|70.51675,-156.435|70.76175,-155.88125|68.729875,-156.181875|70.607125,-155.78775|69.926875,-154.603|68.9205,-151.677125|69.1555,-154.883125|69.11575,-152.8695|68.698375,-150.194625|69.649875,-158.13825|69.213,-157.0385|69.638875,-159.802375|71.696875,-154.09875|68.1805,-157.65575|69.84375,-156.00875|69.7545,-148.52225|66.864125,-150.014|69.2045,-145.321375|67.4975,-149.09975|68.7545,-146.59375|67.798375,-146.894625|67.1405,-149.69575|68.671125,-146.32275|67.400625,-155.331375|74.852125,-152.10525|75.00725,-159.872625|75.288375,-160.089|76.73175,-161.861|74.83525,-159.945125|76.580625,-159.7735|73.984875,-160.44875|76.31325,
-149.393625|75.287125,-154.32675|74.97875,-155.64975|77.161875,-154.103375|76.009625,-154.42625|76.79875,-152.33375|75.73275,-154.618875|77.215875,-153.727|75.6035,-139.014625|67.1525,-138.619875|68.0945,-121.00325|56.4435,-138.00975|67.12775,-140.056|68.4965,-141.015375|66.888,-139.681875|65.87,-139.753625|68.59625,-70.624875|0.589625,-69.252875|0.972625,-69.216625|0.521125,-9.009|0.0,-52.9055|0.706,-60.570375|1.0135,-61.525625|1.025625,-55.396375|0.97825,-142.80275|72.537,-140.421875|72.824875,-140.916375|71.948375,-141.0585|72.469125,-141.903875|72.27575,-127.473375|62.438,-140.78375|71.5055,-141.839|73.168125,-153.18675|72.422125,-154.2285|72.7455,-154.00575|70.951375,-151.916875|71.436,-152.106|71.3775,-151.4225|73.114375,-154.650375|73.643125,-154.088|73.948875,-148.9185|72.254625,-146.7305|72.7295,-153.516375|71.11375,-150.919625|70.111,-152.753625|71.318,-153.435625|71.97675,-151.350875|70.424625,-150.906375|71.1355,-135.823375|70.775125,-138.5|70.8495,-131.4675|66.61625,-139.70725|71.731875,-134.181875|69.737875,-137.76725|70.525375,-137.212375|72.507,-137.8215|70.4575,-151.2735|78.3005,-145.214875|76.468375,-156.93225|77.540875,-157.665875|78.931875,-158.0535|76.95575,-154.371375|77.83275,-157.87175|77.596,-156.89175|78.13575,
-149.631625|74.867125,-154.24325|74.249625,-153.564375|71.5275,-155.7605|74.013125,-153.45875|74.311625,-154.231875|74.0335,-153.127125|74.645625,-153.069375|73.387375,-146.5175|64.32325,-143.077125|62.173625,-137.831125|63.705375,-141.374125|62.73525,-145.20675|63.7915,-144.551125|63.16625,-142.89|64.462125,-144.185375|64.12225,-63.0405|1.38925,-60.717625|1.5695,-58.953375|1.657625,-65.945875|1.619375,-8.008|0.0,-53.022125|1.781625,-55.082875|1.402375,-51.749375|1.634625,-147.033875|67.512125,-147.21325|68.074,-142.954875|67.726625,-146.85075|69.157375,-147.20625|68.027,-143.07125|69.193625,-144.223|67.95975,-143.3445|68.12525,-151.703|71.96475,-150.290375|73.27725,-150.317125|74.27125,-150.082875|72.819375,-144.769375|69.712875,-150.645125|73.80975,-147.963875|71.71675,-150.797|72.080125,-148.8975|69.219875,-142.374625|68.968875,-151.541|69.78875,-151.605125|70.091875,-152.85825|71.19375,-153.47575|69.1885,-155.906125|70.891,-153.16325|70.501,-145.06525|69.04075,-149.922875|70.003375,-145.822125|68.309,-145.938125|68.454875,-145.4485|68.4445,-148.387|70.1225,-144.97625|68.707875,-144.168125|68.74925,-151.059625|76.4135,-150.764875|76.502,-157.930375|76.47425,-160.628|78.026375,-157.752625|77.53125,-155.65275|76.46425,-157.5905|76.054625,-154.842|76.1015,
-150.242125|75.34175,-156.322875|74.442375,-155.7655|74.297375,-152.71775|74.885375,-153.76475|74.42775,-157.302625|73.873625,-152.014625|73.750125,-153.74175|73.285625,-142.447125|63.2355,-141.64625|63.2655,-132.097125|62.197625,-141.459625|65.002625,-142.664375|64.072625,-143.0425|64.20075,-143.207|63.72575,-144.53275|65.001625,-51.730125|1.58225,-49.878125|1.643625,-46.604875|1.4805,-53.2075|1.181875,-49.521875|1.793125,-7.007|0.0,-45.2935|1.3085,-44.22375|1.40875,-145.852625|67.61975,-148.713125|68.62625,-143.72875|68.469625,-142.91625|67.998375,-146.827625|69.382125,-137.498375|67.909375,-141.706875|68.505375,-145.145625|69.35875,-153.06125|70.243875,-152.37075|69.557,-152.8435|70.22525,-153.968625|69.904875,-155.4505|71.106875,-155.4335|72.32875,-154.32475|71.707625,-153.479375|70.92275,-142.660875|69.6535,-132.403875|60.618875,-148.151875|73.273,-151.807375|73.848625,-149.368125|71.00675,-149.760375|72.482875,-150.618875|72.408125,-149.025625|72.68025,-147.431125|70.348875,-147.8245|69.563,-145.682625|69.9055,-146.24875|70.376875,-142.886875|67.771,-145.674875|69.511,-149.46075|69.488375,-146.3475|70.3465,-149.068|74.75,-147.878|76.834375,-156.99675|75.91775,-159.6475|76.572125,-156.4575|75.181875,-154.727375|76.657125,-156.3245|77.36675,-156.992625|75.269625,
-147.879875|73.356125,-153.3755|74.085625,-153.65625|73.377125,-152.576125|74.088125,-153.207875|72.592375,-154.0305|74.54125,-153.961625|74.410625,-149.835875|72.763625,-138.88225|61.9665,-137.728|60.098125,-135.46275|62.58225,-141.017875|62.265375,-141.225375|63.326875,-143.1845|61.58675,-142.076625|62.926375,-141.15025|60.325875,-48.7555|1.726375,-47.2255|1.39925,-45.851125|2.042,-54.07525|2.415,-45.2285|2.195125,-47.242125|1.79925,-11.011|0.0,-43.396375|2.376875,-146.386125|67.775,-145.6535|68.105125,-144.360375|67.4725,-145.887125|69.099,-145.925875|68.56375,-134.78125|66.7805,-143.468875|67.752,-140.43325|67.866875,-152.53725|69.868375,-151.516|69.372625,-151.42375|70.178875,-153.575125|70.181625,-154.678375|69.445625,-151.866875|69.23875,-149.156|69.549875,-149.65875|67.862625,-148.882125|69.65925,-143.699625|68.967875,-150.79975|68.358375,-152.0475|68.303,-153.7885|69.030125,-155.691375|69.187625,-155.139|70.212,-151.398625|67.78425,-146.17425|67.563375,-149.139|68.981125,-144.411|67.76225,-142.8055|66.851375,-144.844375|67.80525,-145.81475|68.844375,-143.58675|68.1465,-143.15725|68.958875,-151.00875|75.7105,-145.521125|76.25325,-158.248|75.958875,-154.32925|74.86025,-155.828|74.892375,-155.253875|75.211625,-156.73075|76.496,-155.745|74.253,
-146.41175|75.421875,-150.79825|73.40975,-153.860125|75.392625,-148.90625|73.825875,-152.58975|74.8225,-153.3045|73.898125,-149.426625|75.099875,-150.758625|74.25825,-139.55|62.797625,-141.371625|63.795,-130.668375|61.611375,-138.827375|63.46075,-137.83775|61.646,-141.0255|63.34825,-137.07575|60.45275,-142.04425|64.04775,-40.6035|1.149875,-40.09975|1.38025,-39.210125|1.12525,-44.277125|1.1545,-38.320125|1.363875,-38.42375|1.34175,-37.936|1.18025,-9.009|0.0,-143.26825|68.892,-144.8245|70.409875,-143.01875|68.699,-145.24925|69.32375,-145.231375|70.01525,-139.259|70.168125,-140.859375|67.323,-140.117|67.756875,-146.78225|68.122875,-152.537125|71.257,-151.075875|69.168375,-152.443375|70.88825,-149.647375|69.454875,-149.321875|71.847125,-150.04925|70.6365,-151.07825|71.620625,-148.374|70.67675,-144.120125|70.196125,-151.414|70.24725,-150.686625|69.3545,-152.5715|71.970125,-150.409|67.9015,-151.007|69.539375,-149.571875|69.798,-143.523875|68.600875,-146.26875|70.067,-144.746|69.74675,-144.250625|69.132625,-143.784875|70.075125,-144.0705|68.75025,-143.533125|68.11625,-142.766|68.29125,-149.302|77.1705,-132.64525|66.301875,-152.073375|78.358375,-150.944125|78.525375,-157.73525|81.0005,-148.899125|77.315875,-154.771|78.830625,-153.003625|78.909375,
-151.964|76.52425,-150.023875|75.85325,-153.6895|74.337125,-155.772375|74.432375,-153.48725|74.301875,-156.517125|75.507125,-154.184125|74.749375,-153.50825|73.91475,-145.445625|64.14275,-141.309625|65.030625,-140.073375|64.14575,-137.104625|63.0665,-142.305625|66.073,-139.98175|65.197375,-136.310625|63.359125,-141.62825|64.8445,-150.37025|73.43,-154.404375|75.4195,-151.308625|72.130625,-149.523875|74.961375,-152.793|74.919375,-155.207|74.664,-152.533125|74.295,-152.52025|73.95425,-11.011|0.0,-43.616125|1.11625,-57.118125|1.237,-39.487|1.20425,-37.61025|1.37575,-47.106375|1.527875,-35.20075|1.08525,-47.887|1.310125,-155.179875|71.459375,-154.95225|72.66525,-152.602|69.815375,-153.550875|70.003125,-155.497625|71.337375,-147.87525|70.187375,-153.014125|70.87625,-154.8335|72.352125,-150.713875|74.323625,-149.475375|73.8635,-149.90975|74.182875,-151.02925|73.995,-150.8975|74.581125,-148.518375|71.79625,-143.992|64.835625,-148.35425|73.7055,-145.156|69.2415,-145.631875|69.747375,-143.358125|68.310125,-142.603875|68.21475,-146.483625|69.081625,-145.902|72.331125,-139.969625|69.82925,-142.57775|69.614,-156.558875|76.758875,-161.1075|77.647125,-159.842|77.305875,-156.271625|75.8525,-158.66475|76.80075,-159.82325|78.643375,-158.184875|78.40075,-157.655875|77.382,
-149.36375|72.6995,-149.71825|73.992875,-155.432875|74.068625,-157.67525|72.991,-154.977|73.57525,-155.24675|74.071375,-157.592625|74.50525,-156.874125|73.992625,-143.82025|63.62625,-138.093625|62.7765,-141.368|63.2785,-141.485875|64.361,-140.48475|64.883375,-140.275|62.246625,-138.10425|62.982625,-137.354625|61.596,-151.876125|72.244625,-155.685625|74.024875,-154.237125|72.622,-143.656625|72.39725,-151.087875|73.06325,-152.8315|73.177125,-153.984625|73.516625,-152.356125|73.146875,-45.660625|1.537125,-11.011|0.0,-96.72525|1.7025,-74.4995|1.142125,-81.883375|1.21375,-87.539125|1.17075,-86.99525|1.642625,-90.432375|1.50075,-153.629625|70.035375,-151.725375|70.103375,-155.449125|70.86425,-154.831|70.262375,-153.79575|71.909375,-149.34725|70.409625,-155.103375|71.595375,-151.838875|71.130875,-154.137625|70.753125,-156.05775|71.5255,-155.408|70.477125,-153.42125|68.40875,-154.50125|69.468125,-154.663125|70.425375,-154.805375|69.176125,-153.952125|70.833,-144.358|67.942,-144.996|70.319625,-144.53325|68.77025,-145.703375|68.5075,-144.193375|70.234,-143.027875|66.984875,-136.886875|66.558125,-139.87775|68.261125,-156.340875|75.06225,-158.035875|76.27425,-157.607|76.42875,-157.6585|74.810875,-156.614375|75.876125,-155.51575|74.853625,-156.93575|76.4635,-156.52|75.35475,
-139.394|76.726,-141.39775|77.26675,-145.510875|76.589875,-144.368|76.83875,-143.37975|75.580375,-144.524125|77.876375,-142.993625|75.6705,-144.394625|77.55225,-139.956375|63.964875,-136.023625|64.456875,-137.39275|63.80625,-135.2405|64.39075,-136.22575|64.400375,-135.4005|64.149625,-138.188625|65.3435,-138.611|65.1195,-151.044875|75.371875,-145.91775|71.89625,-152.332375|74.863875,-139.874625|73.303625,-148.81725|74.455625,-147.63975|72.31275,-152.55875|74.246375,-152.2785|75.653125,-67.344125|0.78,-69.906875|0.9415,-7.007|0.0,-72.27625|0.892,-73.323125|0.650625,-74.73175|1.15125,-75.164375|0.56375,-75.278625|0.869375,-153.24025|72.8545,-152.20925|72.762875,-155.93875|74.13,-152.3135|71.278,-152.35575|70.81575,-149.391625|73.554,-151.120125|72.887875,-148.857875|70.925375,-152.816625|72.014,-153.324375|71.332375,-151.41925|71.09375,-150.5565|71.087375,-150.892875|71.16325,-150.450625|72.57175,-155.48925|70.501625,-149.020875|71.334375,-134.021875|71.569125,-135.070875|71.642,-131.17875|69.629,-134.321625|71.780375,-133.203625|70.078375,-134.305625|70.899375,-130.250125|70.501375,-132.367125|70.4915,-155.16475|78.55125,-151.6215|75.654,-153.63925|78.187125,-155.955875|77.47075,-154.565125|77.13875,-152.423|77.16975,-156.185625|78.44375,-155.199125|78.371,
-145.0555|73.292125,-145.341375|73.47975,-156.19875|74.9675,-155.513|76.029,-154.84975|75.04925,-156.5215|75.64475,-153.433625|74.41475,-156.554875|76.253875,-132.34825|61.4965,-133.383|65.975875,-134.9785|65.66025,-133.078125|65.73575,-134.63125|65.880875,-135.76125|64.868875,-134.5|66.45825,-132.29875|65.925375,-152.141125|73.587125,-149.957|73.084875,-150.6535|74.172375,-141.952375|73.543125,-147.41725|72.842125,-149.871375|73.206875,-149.556375|72.571125,-150.658|74.18025,-69.806125|1.505875,-74.79375|1.519,-86.030125|1.736625,-9.009|0.0,-63.029|1.33225,-69.73975|1.469625,-64.888625|2.19575,-68.01675|1.962,-149.56925|70.882625,-150.81775|69.896375,-149.50475|70.330125,-151.13325|70.523125,-150.321875|69.553125,-146.716|71.349375,-148.853375|69.947875,-147.33375|70.6925,-150.172875|68.441375,-150.55825|70.443125,-151.7475|70.81225,-152.527875|72.761375,-152.5755|70.547,-149.655375|70.799125,-155.186875|70.43325,-149.802625|71.311375,-143.5505|70.895,-143.239|71.425875,-143.343|70.72525,-138.6625|68.550375,-138.0185|68.407875,-140.615125|69.962375,-135.495|67.527875,-139.678|70.61075,-155.7045|76.616,-155.88175|77.737875,-156.262375|76.7195,-153.589125|77.151875,-156.267375|76.783625,-153.322875|76.577875,-155.107875|77.315625,-151.425125|76.289,
-145.235625|73.530875,-146.157875|75.736875,-155.729125|75.257125,-150.93625|74.63125,-152.5715|75.834375,-151.37875|74.283625,-153.289625|74.929,-155.396|76.519375,-137.81375|62.9515,-135.31275|64.471875,-135.855625|63.9515,-137.826625|65.44125,-135.139375|64.8835,-135.77175|63.895125,-137.01025|63.887375,-134.812|64.30175,-149.704125|74.250125,-150.645375|73.041875,-149.7055|73.33225,-139.3035|73.15475,-146.671875|71.88475,-150.530375|75.015,-148.07525|72.837875,-145.7715|71.719875,-61.456125|1.07225,-63.9945|1.160875,-74.521625|1.658,-62.49275|0.84975,-10.01|0.0,-56.287125|1.02875,-56.14125|1.15225,-55.68425|1.114125,-149.17525|72.000625,-151.197625|71.254875,-153.482|72.476875,-153.485125|73.3315,-151.016625|72.60525,-144.597375|71.543,-147.35325|70.477125,-149.56625|71.9445,-149.778125|70.461625,-150.455375|70.98375,-149.231625|69.944875,-149.62|69.83,-147.071|69.37675,-150.67225|70.869,-156.486875|70.743625,-148.551625|70.427375,-139.052375|69.041,-141.48075|70.32475,-141.2395|71.146125,-140.874|70.20025,-142.17075|72.04725,-140.527625|71.097625,-137.097875|69.900875,-140.228125|70.62875,-152.531125|79.3845,-152.2965|79.79225,-151.971125|78.869375,-153.123625|81.209375,-152.730125|80.45675,-147.858875|77.128,-152.786|80.769875,-152.164625|80.943875,
-146.521|77.611125,-144.291875|76.135375,-154.590875|74.9605,-152.183875|75.2295,-150.90725|74.175125,-151.944625|74.498,-148.829125|73.845875,-151.800625|74.530625,-138.931|64.197875,-133.181|64.33875,-134.245375|64.44725,-132.2455|63.779125,-133.34425|63.67675,-137.3275|64.7735,-132.4185|63.893375,-134.429|65.477375,-148.061|76.97625,-149.708|77.96375,-144.621875|76.413125,-140.658625|75.795375,-145.33775|76.0185,-145.98875|76.102375,-146.83275|78.329625,-143.294125|75.248875,-53.145875|1.77975,-53.28775|1.968625,-59.8265|1.571125,-50.02325|1.791625,-52.3105|1.683125,-9.009|0.0,-44.461125|1.7505,-47.438125|1.59925,-148.67225|71.2475,-147.543875|70.31325,-150.577125|72.27825,-151.80175|72.05875,-152.691|72.4225,-144.70475|73.09475,-149.842|72.98575,-146.41575|70.69725,-150.825375|71.587,-150.85325|71.48975,-147.62775|69.928,-151.019125|71.710625,-148.918|70.828375,-147.551|69.882625,-150.71825|70.649125,-149.15625|72.443125,-142.859625|69.817375,-142.243375|70.634875,-138.79475|68.233125,-137.3055|68.90125,-141.210875|70.9395,-140.31375|70.315,-138.186|70.93475,-139.892375|71.035875,-154.276|77.730125,-153.583|77.029375,-153.52175|76.233875,-153.09525|76.33825,-152.6545|75.808125,-151.258|75.924875,-151.602875|76.45875,-155.045625|78.298,
-145.902|73.8615,-143.203125|72.9545,-149.429125|72.43725,-151.179125|72.734,-150.93475|74.063,-150.762375|73.184,-150.234125|74.37825,-148.462625|73.24825,-137.504625|62.71675,-133.68325|62.964,-136.231875|64.30425,-131.388125|63.148,-133.47975|62.7575,-133.5975|62.90075,-134.8385|63.44375,-132.56825|62.5,-148.723|72.571,-147.578625|74.0595,-150.1085|73.91475,-140.952625|72.50675,-146.50875|71.9425,-145.998875|71.75575,-150.684875|75.807,-144.227125|71.764,-47.080875|2.0445,-46.477125|2.07575,-52.53175|1.614,-44.545375|1.946,-45.25225|2.06575,-49.601|1.586,-9.009|0.0,-40.350375|1.6115,-149.914375|71.063,-148.411375|71.1785,-147.7|69.35325,-149.695875|70.47725,-148.83975|71.27725,-142.077375|70.1235,-146.422375|69.945,-148.0025|70.6185,-146.420375|69.054,-146.724|68.5905,-145.898625|68.513,-150.90625|70.003,-147.680875|68.25,-146.1015|69.07925,-155.243875|69.759,-146.619875|70.137,-138.391625|67.5825,-137.33475|67.8285,-139.87925|68.86925,-138.640625|69.6275,-138.118625|68.8225,-140.47825|69.204,-136.5105|69.70875,-139.192375|70.13425,-152.24625|75.626,-151.9905|75.93125,-152.19275|74.09725,-154.567125|77.64475,-153.2325|75.80425,-151.44525|75.61875,-150.765875|76.14925,-154.04975|78.39,
-142.19875|75.162,-144.1315|75.306,-153.33275|75.67675,-147.191|73.6605,-147.96675|74.038,-153.35525|76.78025,-148.8535|75.0725,-149.66475|75.67725,-137.5965|64.75375,-133.26975|64.2405,-134.054|64.51425,-133.2725|65.0145,-133.645|65.009,-133.3575|64.358,-132.8325|64.448,-131.55625|63.43075,-146.2015|72.53425,-147.0125|74.41,-147.32025|73.90825,-139.37225|72.7435,-145.56175|74.17325,-150.5625|76.3865,-146.59525|73.3335,-144.32125|72.3725,-38.83325|1.325,-36.99025|1.076,-41.0895|1.212,-37.72625|1.1545,-38.64225|0.96725,-40.532|1.46225,-36.2305|1.12475,-7.007|0.0,-146.6585|74.16,-148.67375|74.68025,-145.67425|72.032,-146.39325|72.3405,-147.6205|72.98,-142.45325|72.71875,-145.0|72.8865,-143.74275|72.696,-148.94525|71.66125,-147.74575|70.48425,-144.98625|68.6835,-146.57175|70.135,-145.8345|69.497,-147.69475|72.4335,-152.05175|70.68375,-146.845|71.22325,-139.373|69.83925,-139.05775|69.5295,-140.195|70.5505,-136.52775|68.15425,-137.03475|69.462,-138.82325|70.31275,-132.641|68.9325,-137.51675|71.416,-152.04575|77.54125,-149.88725|76.76325,-151.3215|77.075,-153.21075|76.2245,-147.0605|74.61025,-149.82425|75.9625,-149.7315|77.045,-148.88375|77.39225,
-129.361375|68.858875,-126.860625|61.6575,-136.777375|71.809,-133.17325|71.339375,-133.835875|71.545875,-136.470625|71.772,-133.619125|69.780125,-134.032125|71.28,-144.2555|65.118125,-146.087125|64.902875,-140.139375|62.265625,-142.297125|63.00525,-140.194|62.391625,-137.57475|62.972875,-139.847125|62.645375,-140.157|63.1015,-150.543375|71.197,-150.663|71.577375,-152.769375|71.98425,-152.94175|74.959875,-150.267625|71.018375,-151.626|72.8245,-154.0655|73.065375,-150.299875|71.685625,-144.78875|68.673375,-142.9595|66.957625,-142.124375|66.633125,-144.027375|67.5195,-144.130125|67.39225,-145.580375|68.707,-145.369|67.32,-139.64325|68.09725,-10.01|0.0,-41.67375|1.165,-48.512|0.918875,-43.700375|0.4325,-45.02275|1.096875,-40.772375|0.83225,-46.479625|0.97525,-45.037875|1.02125,-151.8515|70.0465,-153.561875|70.7625,-151.8085|70.455125,-151.78825|69.5855,-153.750125|69.76775,-151.0795|67.173,-150.018625|70.82125,-150.96375|69.175625,-143.88375|69.258875,-146.152|68.04675,-145.151|69.91575,-144.7345|69.58475,-137.00975|67.870125,-147.772125|70.666125,-139.872375|67.182125,-140.878375|67.35675,-159.819|77.7085,-156.045125|76.983,-152.11925|77.198375,-157.64475|77.830125,-153.62175|75.591,-157.61175|76.914,-156.51575|75.629375,-156.461125|75.90225,
-149.928875|72.869125,-155.427125|75.27425,-155.162125|73.875875,-154.457625|73.45025,-156.08175|75.0805,-152.33075|72.345125,-153.24775|73.67275,-153.5635|74.856,-143.11125|62.754125,-144.34|63.032875,-141.804|63.0435,-147.622625|64.583875,-141.898375|62.69975,-142.346875|63.793875,-142.4315|63.32825,-144.05375|64.832375,-155.633125|72.864375,-150.80875|71.695875,-154.933|72.542125,-153.492375|71.235375,-152.843|71.1595,-154.291125|73.196375,-152.4255|72.994,-152.249375|72.92475,-143.4135|67.510125,-145.922375|69.042375,-143.41525|67.0585,-144.343375|65.93525,-146.54325|68.184875,-144.583875|68.370125,-146.674875|67.63525,-145.996125|68.791375,-41.845875|1.43575,-8.008|0.0,-93.9735|1.09475,-98.78075|0.73525,-88.73925|1.0855,-95.34775|1.001125,-95.259875|0.924125,-86.349875|1.0005,-152.9075|67.18875,-155.402875|69.52675,-153.65075|69.305625,-153.139125|68.65825,-154.428|69.67225,-153.283|70.22625,-147.671875|68.839625,-152.044|68.939,-148.78775|68.953625,-148.91125|70.927,-146.72625|68.68375,-147.02|67.950875,-141.508125|68.60875,-145.389625|67.082125,-147.684125|69.055625,-142.72125|69.05125,-159.78|76.532,-158.505625|75.604625,-152.1175|74.953125,-159.806|76.506,-159.96425|77.462125,-160.786375|74.948625,-160.740875|75.616,-161.361|77.0685,
-150.850875|75.22825,-157.26675|75.256625,-156.9555|75.022875,-155.979|73.607,-155.123125|75.30325,-157.975375|75.626625,-154.778|75.47,-155.13225|74.590375,-138.947|62.55775,-141.18175|63.604125,-142.221125|63.768125,-138.95825|61.48575,-141.62225|64.015125,-136.565125|63.668625,-140.506375|64.414125,-140.5025|62.867125,-149.816125|72.442375,-149.2205|72.29425,-152.921375|72.903375,-151.059875|74.3735,-153.5495|72.6715,-152.072|73.631875,-150.39775|72.238125,-152.432375|73.95075,-143.070625|67.9755,-140.592625|66.8475,-144.001875|70.3185,-141.99875|66.7205,-141.28025|67.129375,-143.369|69.480625,-144.901875|68.394375,-138.0|67.965125,-86.20625|1.516875,-99.860125|1.20175,-13.013|0.0,-91.5505|1.361875,-83.479125|1.512625,-85.7495|1.383625,-87.309|1.816875,-85.739875|1.048625,-144.14225|70.346625,-143.699125|71.291375,-145.131|71.52575,-143.493|71.017625,-145.3825|72.62775,-141.49425|70.11425,-124.687375|57.97725,-142.38425|69.70075,-148.784375|71.03175,-146.177625|71.0735,-144.533625|70.395625,-145.763375|68.89175,-140.2835|69.9275,-143.934125|69.6615,-144.59925|70.135125,-143.04825|69.121,-159.379|77.822,-157.731375|76.46125,-150.982625|78.26275,-155.448125|75.49775,-159.995|77.277375,-159.362375|76.298375,-159.2115|77.63325,-158.350375|77.01125,
-146.497|72.549375,-155.334375|73.333125,-154.367125|73.022375,-154.055125|73.553875,-152.188625|73.047625,-155.95225|73.444375,-153.927|74.34375,-156.39075|73.345125,-138.6865|61.30975,-141.1725|62.737375,-140.330125|61.846875,-140.40675|62.836125,-142.605875|64.244,-137.0315|63.22175,-138.8845|62.15375,-138.400125|63.1995,-152.407|70.773375,-150.22725|72.000375,-153.396875|73.201375,-149.147375|72.443,-148.899375|71.694625,-150.66075|73.15325,-149.353375|72.92675,-150.64875|73.61625,-143.353625|66.61025,-143.439|67.351125,-140.451875|68.52925,-143.053375|67.2905,-139.672375|66.5645,-139.221125|65.576625,-143.1335|66.336875,-140.18625|67.49175,-83.058875|0.955125,-87.642625|0.876875,-96.45625|0.706,-11.011|0.0,-77.347625|0.947125,-79.58325|0.816625,-81.024625|0.916625,-76.0355|0.8235,-153.2285|70.58475,-150.16725|67.168,-150.254375|67.22625,-152.748625|69.36025,-151.074125|67.56575,-151.887125|68.50025,-145.80875|68.496625,-149.45325|68.916625,-145.211375|66.897375,-145.327|68.292625,-144.045|68.316,-144.958|68.541,-140.05225|70.15475,-143.7165|69.023625,-143.77175|68.693,-143.484|69.753375,-156.394|75.095625,-155.355625|76.3435,-148.206125|74.262875,-157.851|76.22975,-158.236125|76.099,-158.447125|76.609625,-157.262875|75.53575,-157.086375|75.624375,
-147.02925|74.688375,-155.047375|75.190875,-150.284625|73.76675,-156.3395|77.45725,-153.687375|74.8185,-152.3375|74.981375,-153.207375|75.62925,-152.41025|73.989,-140.41325|64.37375,-139.518625|64.40275,-141.979375|65.81375,-141.102625|64.918125,-138.40275|63.973625,-134.042125|64.062375,-138.714125|62.934875,-140.512|65.531625,-147.543625|76.667375,-145.869875|75.04575,-146.63475|75.397875,-141.718875|74.202,-139.901|71.733875,-146.870375|76.9265,-148.996875|77.087125,-146.112125|77.002625,-142.528625|70.741875,-139.5315|69.291875,-140.534375|69.8575,-143.5905|70.417625,-141.13125|69.181375,-141.512125|70.460875,-140.586375|69.262375,-136.892|68.598625,-63.5345|2.1115,-67.0805|1.54675,-74.9275|1.209875,-70.288375|1.797625,-10.01|0.0,-60.07|1.154625,-63.308|1.755875,-63.053125|2.2375,-152.686375|72.690375,-151.335625|71.449375,-150.206625|70.1345,-151.017625|70.953125,-150.15975|71.024625,-150.95|71.656875,-146.103375|71.1365,-145.751125|67.82825,-144.0745|69.982375,-143.383375|69.270125,-139.9515|68.415875,-142.03225|68.541125,-138.212875|70.101375,-141.675875|68.7665,-142.999125|70.988,-141.502|69.11225,-153.89825|74.872875,-156.837375|76.79975,-150.272875|77.11825,-155.0735|76.356875,-155.17575|76.08425,-156.50775|75.723,-157.13125|77.833625,-157.361|77.942375,
-145.444375|75.29375,-148.976625|74.32225,-155.138875|75.13325,-151.41275|74.988,-152.274875|73.9825,-154.39125|76.5675,-152.69425|76.6185,-150.12525|74.087,-137.741375|63.628125,-139.63175|64.45075,-140.781875|64.299625,-138.295|64.1615,-137.3685|64.032625,-134.61825|64.488125,-137.120625|64.087375,-136.397875|63.999875,-149.288125|73.155625,-148.12275|72.481875,-149.373875|73.405125,-148.38|72.619375,-147.55575|71.9925,-148.5965|71.807875,-149.575875|74.49525,-149.804875|71.745375,-139.888375|71.173,-140.778625|71.85275,-140.6175|72.4525,-138.76475|70.74625,-140.777125|73.192375,-140.460875|70.474375,-139.81325|70.863875,-124.196625|58.1615,-50.62975|1.757,-53.401375|1.729,-64.82625|1.65425,-59.856875|1.796,-61.64575|1.699875,-8.008|0.0,-53.943875|1.880375,-54.464|2.113625,-147.503625|69.368875,-150.08675|70.2775,-151.539125|70.457125,-152.308125|70.366,-150.1495|70.43725,-148.807375|69.87575,-147.16425|71.072375,-149.04375|72.17375,-142.824125|69.946,-143.17875|70.53075,-143.0325|68.459875,-144.466|69.909625,-135.416375|70.527375,-142.49925|69.888875,-142.347125|69.223625,-139.869875|68.573125,-155.204875|76.66,-153.53875|75.322,-149.963375|77.615875,-152.092625|75.4025,-154.265875|75.95625,-155.450625|77.15,-154.634|75.756125,-155.5535|75.71275,
-141.1055|71.813875,-151.189875|74.10075,-149.866125|73.535625,-152.14675|74.811375,-149.4025|73.84475,-154.11475|75.19,-149.04175|73.64825,-149.00775|74.911,-130.68|63.2765,-131.055125|63.764,-129.54125|63.544875,-131.53175|63.337125,-132.843125|64.379125,-118.6845|54.6045,-131.2395|64.649875,-128.57975|63.45825,-150.42125|74.02675,-147.3675|72.707875,-147.709375|72.66625,-147.662375|73.19375,-144.8775|73.24425,-146.580625|73.2995,-147.321625|74.767,-143.81725|71.956,-140.0255|68.5155,-140.66325|68.252625,-136.284|67.62375,-138.8795|68.939625,-140.22775|68.981125,-140.415375|69.765875,-139.4155|68.432,-135.62775|69.039375,-42.413125|1.48775,-43.784375|1.535625,-59.059375|1.882875,-46.531875|1.7865,-50.00025|1.54875,-52.298|1.592,-12.012|0.0,-50.697625|2.00675,-149.684125|70.9915,-147.2385|69.773625,-148.228375|68.8635,-147.364625|69.1205,-150.439375|70.569875,-146.498125|68.986125,-143.16|70.3535,-144.35575|69.6435,-143.8805|69.433625,-139.429375|69.246125,-142.243125|69.464875,-139.865375|68.073875,-134.875|69.62375,-141.18175|69.613375,-140.63|69.651,-139.000875|70.1925,-156.264|76.318125,-151.664|75.735625,-146.87525|77.119125,-153.5795|76.4255,-152.642|76.616,-155.663125|76.266125,-152.7755|75.6515,-156.139875|77.405625,
-143.3305|74.94825,-149.74575|74.986,-150.6415|76.8075,-147.3635|75.363375,-147.757375|74.056875,-147.9075|74.53025,-150.030875|76.174625,-152.171875|76.985375,-135.97275|64.01825,-135.97275|64.71225,-136.969375|64.129,-134.785125|62.79075,-134.21425|62.8655,-130.66475|63.319375,-133.295125|63.942375,-136.76875|64.64725,-147.090625|73.484125,-144.07525|73.20975,-147.5715|75.637875,-143.583625|74.371125,-146.679375|74.283125,-146.424625|74.27975,-144.19675|73.153125,-144.0945|73.805875,-137.944875|69.343875,-135.85975|68.164,-136.762|69.827,-135.850625|68.313625,-140.56225|70.922375,-141.047875|71.393375,-137.52525|69.14025,-136.93125|70.9895,-41.105|2.048125,-42.916375|1.687375,-50.24875|1.827125,-43.748625|1.751625,-41.552375|1.965375,-45.437625|1.480625,-46.740625|1.568375,-10.01|0.0,-144.53625|69.921,-146.995375|70.51625,-145.466875|70.394,-147.72475|70.785625,-148.544|72.2725,-146.474375|71.530125,-142.40125|71.226875,-147.239625|71.660375,-140.3615|73.946,-137.589875|73.22025,-137.418|72.202875,-138.3575|73.252875,-137.101125|75.0105,-136.298875|72.732625,-136.639|73.814375,-136.499375|72.097625,-143.585375|76.332,-147.5405|78.857875,-128.110875|65.800625,-144.53675|78.014125,-149.74|80.82325,-142.694625|75.831,-148.065875|79.820625,-148.287625|80.378875,
-152.949125|75.721875,-153.434|74.243875,-154.39|75.063875,-156.539|77.16175,-154.19675|73.34,-156.056125|76.4495,-146.802625|72.887625,-151.740875|73.803375,-148.231125|65.7575,-144.622875|63.470125,-145.89175|63.1805,-144.804125|62.518625,-145.7315|65.640875,-143.77375|61.851,-143.53125|62.86375,-142.24975|63.33575,-153.356125|73.38475,-156.643125|73.287875,-155.733625|73.479375,-153.9895|73.245125,-153.001375|72.7085,-149.208|73.926625,-151.492|71.534125,-153.2105|72.302,-143.2295|68.180125,-145.92|68.063625,-144.149125|68.361375,-146.50775|69.1835,-145.308|69.52625,-144.6505|68.05575,-147.184625|68.55475,-145.83825|68.414125,-153.9545|69.297125,-154.266125|70.84225,-150.226125|71.49,-155.463|72.212625,-153.4535|71.108125,-157.629625|70.793625,-156.469125|71.79825,-155.456875|70.900625,-11.011|0.0,-57.753625|2.501875,-69.2095|2.859625,-49.021|2.804375,-44.912|2.101,-42.7425|2.6375,-55.621|2.354125,-47.47425|2.332,-145.340125|69.154,-146.487|68.12775,-146.430875|68.456875,-144.633|68.9745,-143.924625|69.051,-146.891|69.561125,-148.21475|70.927625,-142.888375|68.631375,-161.48575|76.06175,-161.365|77.781,-159.473|77.312875,-158.208|75.849875,-158.673375|76.45625,-159.074|75.6565,-159.08975|74.8425,-160.652|75.9725,
-150.215625|75.171875,-153.118|75.6935,-150.1605|74.792625,-149.627125|74.777125,-149.327375|74.224,-153.13325|77.598125,-148.55675|75.031625,-151.905|76.59325,-142.263625|63.037375,-141.7545|64.211125,-142.844875|62.83075,-143.12525|64.298625,-142.871125|63.632125,-138.061|63.449375,-141.616|64.32575,-140.031625|63.7,-145.44725|74.370375,-147.837625|75.8365,-146.581625|75.45125,-148.9405|79.06575,-148.25175|75.353625,-141.308375|75.74325,-145.317125|75.107875,-146.987375|75.691,-143.802|70.535875,-142.5415|67.423125,-144.0845|68.995125,-142.34525|68.830875,-140.701625|69.088125,-144.880125|70.005625,-139.320875|67.12875,-141.672125|68.096,-157.625|72.567625,-153.711625|69.972625,-150.823875|71.572125,-154.82675|71.31375,-156.9755|72.871125,-157.648625|71.222875,-155.547375|72.02725,-156.157375|72.088625,-45.20875|1.7445,-12.012|0.0,-84.773375|1.87625,-74.48275|1.3395,-73.945|1.7295,-80.60925|1.885,-86.99075|1.891,-76.04575|1.458,-144.871125|70.324875,-143.5935|69.487,-141.669875|68.824375,-145.29775|70.988625,-140.468125|67.983875,-144.14925|69.82025,-137.89725|69.023375,-141.959125|69.218375,-157.323625|76.227,-160.75575|76.661125,-158.024125|76.364,-160.8005|79.520375,-156.4765|77.731625,-159.775|77.2195,-159.563875|77.373375,-159.69675|77.6555,
-147.179625|78.429375,-147.70175|78.920625,-148.981375|79.20975,-145.566625|77.45825,-150.043625|79.51075,-148.4795|79.33275,-145.81275|78.937875,-146.479625|78.5765,-142.226|65.235625,-141.80875|66.00875,-142.15875|65.570125,-141.480875|65.6755,-140.863375|65.07925,-138.9515|65.008,-139.727375|63.936125,-139.05525|64.494375,-147.660125|72.839,-151.3225|75.51875,-148.688375|73.94025,-152.191|75.84225,-149.787625|74.493625,-143.653|73.94475,-149.051125|73.120375,-149.9895|74.2935,-139.848625|68.56425,-141.860625|69.9,-141.3675|70.34225,-142.598375|70.960875,-140.046125|70.53475,-141.321875|70.036,-141.861625|71.0435,-142.54575|70.039375,-154.262875|72.17575,-155.19675|70.9345,-145.908875|71.214375,-155.75925|72.91575,-156.770125|74.6705,-151.7915|70.949,-155.16775|72.94725,-152.661625|72.026875,-74.878625|1.400125,-76.15275|1.29475,-11.011|0.0,-72.664875|1.248875,-73.5395|1.15875,-73.192|1.3015,-72.97625|1.369375,-78.228125|1.21075,-141.680625|73.840875,-139.748875|72.76625,-139.363125|73.87725,-140.407375|73.7285,-140.120625|73.732125,-140.033625|74.492375,-135.01175|72.453875,-138.567|72.00325,-156.9995|78.00875,-158.572|78.52625,-157.08225|76.97575,-155.977875|78.706625,-155.83275|79.16875,-159.282|77.59675,-157.299375|79.41975,-156.547625|78.471,
-152.129875|73.990625,-148.428375|72.683,-149.059625|74.608625,-149.3805|73.4355,-153.9785|75.337375,-149.922875|74.102125,-146.896|74.249875,-150.50875|74.378625,-141.0885|63.4745,-142.4425|63.500125,-141.868625|63.003,-141.23825|62.46725,-136.42375|62.554875,-141.172375|64.053625,-138.259125|63.79125,-139.942375|65.367625,-149.3685|71.862875,-149.92775|73.455125,-151.301875|73.925625,-149.371|71.94,-150.319125|72.230875,-144.2|73.455625,-149.2045|71.206125,-151.2065|72.297875,-139.911375|68.888625,-139.63975|68.71625,-142.088875|68.232125,-140.206125|68.886875,-138.515|68.40425,-140.199125|68.35725,-142.192625|69.98975,-138.539875|68.650375,-153.263125|70.667625,-153.88425|70.011625,-142.333|68.093625,-154.5865|69.17725,-154.95275|71.6775,-155.22875|71.542125,-153.611375|71.60475,-152.508|69.7825,-81.270125|2.710625,-80.607375|2.27775,-88.949|2.701375,-11.011|0.0,-65.84325|2.405125,-61.274875|2.195,-67.913125|3.233,-69.171875|2.77825,-143.81275|70.23125,-142.21975|68.94775,-143.037125|68.289,-141.919625|68.094625,-141.6825|69.16575,-142.767875|69.060125,-141.53625|70.07075,-143.541625|69.75175,-157.335625|75.376125,-158.242625|77.1065,-155.9405|77.34975,-157.44025|76.76675,-154.9745|76.909375,-157.375875|77.57775,-156.830125|75.835,-155.005125|76.464125,
-147.13775|73.81475,-149.953875|73.845,-149.45975|75.18575,-147.820125|73.005375,-146.63425|73.864125,-146.8625|74.282125,-143.708625|72.38275,-148.71775|76.286,-137.08075|61.27175,-138.61975|63.567875,-138.7045|61.629625,-139.003125|62.683375,-140.312625|63.26,-138.573125|62.892,-136.927125|63.3445,-138.794625|63.186625,-150.5645|72.543125,-147.9215|72.26825,-150.703|73.44475,-148.50575|71.797875,-147.782875|72.524625,-143.178125|71.68075,-145.899875|70.898375,-150.481|72.83,-139.75325|68.616,-139.291|68.83225,-140.635875|68.472375,-136.144375|66.89625,-139.716|69.640375,-138.567375|68.27925,-138.37|68.1085,-141.0195|69.204875,-153.14825|69.726625,-153.343875|71.599875,-145.188875|69.434875,-154.414|71.162625,-152.60225|70.868375,-151.86975|70.14075,-153.313625|71.45925,-155.259|71.291875,-67.424|2.31475,-75.606875|1.684625,-80.736375|2.061625,-66.685125|2.262625,-8.008|0.0,-53.9565|2.585375,-58.9115|2.63675,-58.313|1.946,-140.80475|68.36275,-139.89575|69.574625,-141.81975|68.314875,-141.319875|68.0065,-143.631875|70.5185,-140.009875|69.254375,-138.437125|70.704125,-141.82475|69.062875,-156.983375|76.42725,-151.405875|75.135625,-154.51675|76.05875,-156.443125|76.425625,-151.99725|75.72525,-155.91575|76.745875,-152.225875|74.707,-154.1635|75.944375,
-143.843875|73.4615,-149.09375|75.6755,-145.719125|75.3765,-145.299|75.284,-147.899125|76.943,-145.596875|75.141,-138.5625|71.516,-144.504375|75.32125,-137.7505|68.27325,-138.16|68.08175,-137.610125|68.25775,-135.78225|66.678,-136.8695|68.50825,-133.26275|65.05825,-134.501625|66.34125,-136.920875|67.14875,-147.34|74.29925,-148.18025|74.67875,-144.204625|73.407,-146.299125|73.36725,-147.07325|74.10975,-139.251875|72.68475,-145.69775|74.888,-146.397375|73.4675,-136.0275|69.08675,-138.223|70.3635,-138.768125|69.14025,-139.15|69.86575,-139.021|71.23925,-137.337125|68.872,-137.390875|69.87475,-139.373125|70.31875,-152.05025|70.751,-151.733375|71.347,-142.971375|72.35875,-149.142875|70.5425,-150.483125|71.7235,-151.843125|73.413,-151.189625|72.748,-152.93475|71.86375,-56.442|1.636,-55.8995|1.172,-61.669625|1.41525,-49.606875|1.38175,-47.926875|1.8045,-10.01|0.0,-46.99875|1.492,-42.064375|1.18725,-139.103375|69.53325,-142.25225|71.0815,-138.040875|68.16325,-138.05675|70.63075,-140.365375|71.8515,-141.1505|71.83525,-135.098375|70.6935,-141.911|71.928,-151.066|81.05325,-149.460375|79.849,-147.94825|78.906,-147.973375|79.26975,-144.84325|78.5035,-150.56775|81.18775,-149.684375|79.6035,-153.27725|83.42125,
-144.881|74.9175,-147.71475|77.1065,-145.2095|75.961,-148.6765|77.38425,-146.455|75.3135,-146.1205|74.6995,-143.42575|75.644,-145.17625|76.26275,-135.3605|62.95,-137.70725|65.20925,-137.9575|63.43375,-137.76725|65.16825,-136.56675|64.122,-137.76225|66.18325,-137.9245|65.695,-137.17125|65.4985,-146.06925|74.339,-146.0585|73.3485,-146.28|74.08375,-145.76025|75.0705,-143.733|72.01325,-142.12575|75.9115,-143.85475|74.587,-146.62225|73.4435,-135.762|70.723,-140.43525|74.693,-137.94025|72.25225,-137.96025|72.45275,-138.80225|73.16,-135.55175|72.938,-137.32775|72.6065,-137.85|72.67825,-149.80625|74.87025,-149.92975|76.4925,-143.08475|74.95325,-150.8855|76.92175,-148.35775|75.20825,-146.15425|73.0115,-144.72475|72.36825,-148.6955|74.9025,-47.191|1.21825,-50.69425|1.75025,-54.62175|1.75875,-45.362|1.5095,-44.233|1.69575,-46.8595|1.79625,-11.011|0.0,-40.20075|1.73475,-139.348|70.736,-139.72025|71.75825,-138.28575|70.4225,-138.23125|70.97375,-135.88075|68.89725,-139.92375|71.294,-135.0805|70.6345,-139.18875|71.3705,-155.9975|78.70575,-152.039|77.01975,-153.50425|78.3805,-152.97575|77.73275,-152.95325|79.15675,-153.3365|78.30825,-153.58|78.04875,-153.71775|78.12625,
-145.0465|72.72725,-144.7155|72.6615,-143.8465|71.77275,-146.523|74.3905,-147.018|75.074,-143.9535|73.44375,-143.1515|74.185,-146.0775|74.55675,-139.121|65.2205,-136.548|62.44775,-136.08525|61.9625,-135.1815|62.061,-137.87725|62.5715,-135.44625|63.24075,-134.237|62.917,-135.625|63.19375,-147.88625|74.578,-146.6075|72.98925,-147.32025|73.96875,-145.05275|72.1865,-146.068|71.5115,-137.41675|70.53725,-145.62675|71.65825,-145.6905|72.86225,-136.393|68.0155,-138.29375|68.3345,-139.399|68.764,-141.1385|70.48725,-135.3025|67.759,-139.72675|68.65975,-134.4555|67.354,-136.8325|69.21775,-151.11575|69.133,-149.28475|69.46675,-143.26125|71.06325,-151.42125|70.863,-150.14775|71.603,-152.76025|70.304,-150.3585|70.63325,-149.86475|71.30725,-46.10225|1.78625,-49.1145|1.96825,-50.76875|2.386,-46.73675|2.72575,-40.6|2.375,-44.90925|2.612,-46.6125|2.63275,-7.007|0.0,-139.91875|70.134,-138.37025|68.16725,-137.963|69.032,-137.422|68.98875,-140.032|69.45425,-138.85025|67.6285,-135.6975|69.3405,-140.04725|70.307,-152.26825|75.01575,-150.96725|74.9525,-152.54825|77.426,-150.98675|75.759,-150.081|76.03575,-148.517|73.973,-153.46475|75.9315,-153.6205|77.0345,
-151.15175|73.623875,-148.515125|72.73125,-155.011875|74.41875,-151.57525|73.886375,-152.8995|74.268625,-151.845375|72.92225,-152.634625|73.55,-154.6905|75.5635,-147.4115|64.279125,-144.885375|63.556,-144.371625|62.89225,-144.576|63.301125,-144.504625|61.997875,-144.1125|64.1755,-138.994875|62.3795,-141.70875|63.44375,-152.963875|70.7085,-154.328625|73.704625,-153.077125|72.62925,-153.9035|72.4035,-152.693|72.76725,-154.86725|72.61575,-154.920875|72.328375,-153.175875|72.9285,-148.380625|68.24625,-150.51775|68.866375,-143.722875|67.89475,-150.366|68.988875,-147.17|66.830125,-149.940625|68.377,-147.7175|67.44225,-148.17925|68.867875,-156.332375|71.421875,-157.026875|70.854125,-158.582625|71.02825,-155.25825|70.238875,-155.893875|69.258375,-156.38075|72.152125,-155.243625|69.92925,-157.3895|69.394,-158.022375|71.115125,-154.132125|69.518125,-153.858875|71.0255,-157.849625|71.275125,-158.248875|70.644875,-153.591875|69.255375,-156.407|70.039625,-155.11775|70.1945,-9.009|0.0,-38.9345|1.131375,-41.037125|0.73975,-41.750625|1.277375,-37.81975|1.02425,-45.2035|1.31375,-38.48425|1.464875,-44.21475|1.24575,-158.27725|76.021625,-160.629125|76.250875,-161.23325|77.113875,-157.296375|77.12725,-159.50025|76.123625,-159.691625|76.6345,-159.445375|76.88475,-161.322375|77.56325,
-151.950125|75.068625,-151.513|73.51575,-153.526375|74.4295,-150.292625|72.942875,-152.918|73.651125,-151.598375|74.883125,-148.65025|72.96925,-153.12975|73.91425,-144.198625|62.746625,-143.806875|62.849625,-145.78675|62.599625,-141.31|62.685,-141.278875|62.796375,-142.660125|62.671375,-140.018|62.50125,-142.975|62.538,-156.5635|71.858625,-153.82175|70.93125,-156.151|73.25825,-153.7765|73.434875,-154.58025|72.79025,-155.065625|72.20075,-157.626875|74.783625,-154.465625|72.0805,-147.8725|67.35625,-149.969|68.200625,-143.29825|67.433125,-154.4585|69.5415,-147.79725|67.197125,-152.2915|67.924375,-150.479375|67.430625,-145.22275|65.79325,-152.5725|71.424875,-154.521625|70.449,-152.92125|69.3765,-154.8035|70.279625,-155.096125|70.400375,-154.22025|70.058875,-153.49225|69.795875,-155.69275|69.0905,-153.172125|67.9695,-153.583625|66.925875,-152.57575|70.303125,-158.391625|71.0515,-158.2585|71.03375,-161.062625|69.13375,-156.378125|68.060125,-159.493875|69.692375,-40.9995|1.198,-11.011|0.0,-79.213875|1.3055,-81.75925|1.0145,-84.098125|1.021625,-81.498|1.056,-79.58475|0.902,-82.18275|0.774,-161.099125|74.901,-160.076125|75.647125,-163.140625|76.000125,-155.3435|77.015125,-162.419|75.857375,-158.55375|74.720875,-161.575125|75.946375,-161.114375|75.341875,
-147.850125|76.322875,-146.454|75.070625,-144.261125|73.924375,-146.8595|74.931125,-147.4435|75.08075,-148.547875|76.24425,-145.61075|74.23525,-147.34625|74.440875,-139.339|64.690875,-140.558125|63.422625,-139.4205|63.49025,-141.365875|65.08675,-136.699625|63.027375,-140.5435|64.43425,-134.14775|63.07425,-138.404375|64.2135,-139.877375|73.29725,-137.84125|72.94725,-138.406875|72.095125,-132.32775|67.966625,-137.111875|73.296125,-136.03425|73.169375,-138.297125|72.835,-138.29575|74.471375,-146.2525|69.184625,-147.4775|69.335125,-140.884125|69.35025,-146.60325|69.05325,-146.72825|68.618125,-144.378875|68.738625,-145.84725|68.095625,-146.8585|69.5715,-149.132125|71.451875,-149.183375|71.519,-150.09975|71.516,-149.428375|70.2525,-147.65175|70.289625,-150.931125|71.709375,-149.846625|72.137875,-154.86525|72.859875,-153.8615|71.68575,-153.8875|71.57825,-147.170375|71.32975,-153.520375|70.727875,-155.64175|71.936125,-156.718|72.011875,-155.239625|71.442625,-155.787625|72.315875,-78.698125|0.85425,-81.314125|1.513625,-8.008|0.0,-71.10975|1.107875,-71.752|1.219875,-73.417625|0.8355,-69.767875|1.31275,-69.13775|0.914375,-151.49175|79.1335,-151.779|79.967625,-154.547125|81.1265,-138.425|68.991625,-152.215125|80.429,-154.103625|81.844375,-151.00625|79.30375,-152.16975|80.133,
-146.452|74.76,-149.341|75.045875,-148.843625|73.608,-150.8585|75.240125,-148.664625|73.753,-147.252625|73.574375,-148.652875|74.63525,-146.183|72.1295,-141.092875|62.24975,-140.8705|63.5755,-141.51275|62.071125,-139.41075|63.437875,-140.72625|63.72775,-140.66475|63.171125,-138.932625|65.287,-140.514375|64.05475,-151.536125|69.81925,-156.097875|73.029625,-152.51925|70.938875,-150.162|72.2545,-150.761625|71.989125,-153.45375|73.154375,-151.587875|73.302625,-152.731375|73.582625,-148.418375|70.561625,-144.46375|68.9715,-144.977875|68.872625,-147.438375|68.937875,-151.1475|67.9985,-148.188875|69.473125,-149.44575|68.98625,-146.805|68.1675,-149.845375|69.77025,-151.95625|70.93225,-151.46675|71.632625,-151.214375|70.358875,-153.73625|72.08075,-153.54125|71.836625,-151.4615|70.709875,-151.9555|70.3995,-156.78975|71.541625,-154.323375|69.83025,-149.98675|70.364875,-154.131125|68.667125,-153.841375|68.549,-155.64975|70.45825,-154.12775|70.56825,-154.693125|68.37025,-73.54475|1.005125,-73.682125|1.457375,-75.989375|1.404,-8.008|0.0,-63.055625|1.0495,-65.7085|1.157,-65.671125|1.321625,-62.67125|0.988,-162.554125|77.38375,-158.158375|75.9635,-160.884875|77.4565,-154.319375|77.417,-158.37875|74.575,-160.701|76.78,-156.61275|75.19575,-160.86025|76.905875,
-145.437375|75.233625,-147.34725|75.14225,-145.06775|74.170375,-148.715375|74.55575,-145.281875|75.097125,-146.6015|72.86025,-146.472375|74.621875,-146.079375|74.13875,-136.555125|62.562,-139.57425|63.243375,-139.555875|64.954,-138.497625|63.145125,-143.0585|65.038875,-137.123125|63.502625,-133.428|63.854,-135.46725|63.109375,-151.669|73.138625,-150.123125|71.59875,-153.58025|72.712625,-151.416375|75.21225,-149.297125|73.230125,-151.085625|73.212875,-152.126|75.003375,-149.037|71.905625,-142.6395|67.475125,-144.3035|68.95775,-136.428875|67.867625,-144.921|68.70375,-150.204375|69.724125,-147.782875|70.554,-147.53075|68.534375,-143.535875|68.63875,-144.104|72.83425,-145.3485|72.6545,-140.947875|70.1725,-143.641125|72.38975,-141.945375|69.83975,-141.898125|70.896875,-141.90875|71.958125,-139.57125|68.875125,-153.967375|70.1135,-150.9635|70.413,-146.41725|71.436,-153.78325|69.016875,-150.485375|69.40725,-156.38075|71.505625,-155.94775|72.237625,-151.47925|69.108875,-60.300875|0.852625,-56.918|1.231625,-65.216|1.1885,-62.2075|1.266875,-8.008|0.0,-53.41325|1.026375,-50.784|1.22375,-48.014|1.44075,-160.92225|77.971,-158.2735|75.834125,-156.848375|76.41225,-151.381875|77.188,-156.9395|77.085875,-157.394|74.276375,-159.056375|76.557875,-153.808|75.614875,
-143.68025|73.5945,-146.0245|75.3395,-148.387625|76.364375,-146.063125|74.45975,-149.874625|77.5765,-146.415625|74.23975,-142.350125|73.203125,-144.363|73.515125,-135.0315|64.072125,-137.974625|66.0525,-139.53125|67.184375,-136.983375|65.7275,-138.546|68.094625,-134.986125|65.744875,-122.089625|55.691625,-138.946875|67.618,-153.44325|73.29175,-149.5715|72.314375,-148.470625|72.730875,-150.654875|75.538375,-145.569875|72.634125,-150.6535|73.899625,-149.42425|73.121875,-147.652875|71.556625,-146.455875|69.2555,-143.355875|68.42125,-138.848|69.79,-144.58075|67.733625,-144.670625|68.886375,-145.474875|69.87875,-144.7375|68.95675,-144.100625|68.2335,-148.427125|71.084625,-148.917|70.674,-147.93475|69.960125,-148.29275|70.974,-147.62725|70.19775,-150.705125|72.435,-149.533625|70.99,-153.505625|72.083,-153.7685|71.18075,-149.136375|69.9765,-146.196875|71.071125,-149.06075|68.41525,-153.5285|71.71025,-154.908125|70.330625,-150.79125|70.2975,-153.777|71.2355,-49.028375|1.345,-47.090125|1.584375,-52.3925|1.51375,-48.252|1.615125,-48.909375|1.497375,-11.011|0.0,-48.69325|1.368625,-41.675625|1.544375,-159.617625|78.275375,-156.71825|77.672,-156.598375|78.1115,-148.231125|77.02425,-157.08425|76.82625,-155.067125|76.928,-155.41625|76.705875,-155.89375|77.93425,
-138.545|72.305,-144.342|76.141625,-141.005125|73.63075,-146.163|74.613625,-142.871375|74.955875,-144.919625|74.953,-144.8605|75.745125,-143.173375|74.524625,-138.8705|65.932,-140.660625|66.500125,-138.458625|64.302875,-138.969875|65.18325,-136.649625|64.389625,-138.479|65.767875,-131.164125|64.098875,-137.199625|65.430375,-149.87925|75.22075,-151.276125|75.593375,-151.29125|75.4985,-149.1865|74.902625,-147.029625|75.372875,-147.97975|73.936625,-148.220375|74.397625,-148.961375|75.00225,-141.413625|71.64425,-141.61325|72.383625,-126.790875|61.15725,-140.68575|71.776,-144.581625|75.457125,-143.256375|74.053125,-143.412875|73.090875,-140.60575|71.05,-148.51075|72.278125,-149.105625|72.68425,-145.002375|70.49225,-145.84225|70.906125,-147.993125|72.933875,-148.207875|73.201875,-150.0345|73.5475,-151.959125|74.07025,-152.323|75.525625,-147.370875|74.708125,-129.455875|61.03725,-148.587|74.55,-148.859|74.418125,-148.68525|73.53725,-149.19025|74.2415,-150.621125|75.298125,-40.41425|1.530125,-40.9655|1.670875,-43.841625|2.16675,-39.38275|1.88125,-40.736375|1.477125,-43.609125|1.646125,-7.007|0.0,-38.004375|1.750875,-159.063625|79.72575,-156.151|79.145625,-153.085375|77.257375,-147.9735|77.342625,-153.6345|76.35725,-156.86625|78.65625,-153.889875|78.21425,-152.919125|77.4815,
-145.80425|79.229,-146.777|79.68925,-149.000875|79.065625,-144.881625|76.5775,-146.343625|78.3665,-146.411875|78.41825,-147.62575|79.367,-149.666875|79.96825,-138.246125|63.4505,-138.531875|64.684375,-141.2515|64.82875,-137.759125|63.0085,-139.1305|65.62225,-137.800375|63.8585,-132.516125|64.324125,-135.437625|63.43175,-150.914875|74.7435,-148.032|72.816125,-151.224|74.172,-147.9595|72.967375,-149.709625|74.258,-150.6375|74.981875,-151.13775|74.92375,-147.06625|72.5235,-147.039625|69.87575,-141.522|68.83625,-136.435375|69.22375,-147.444375|71.18225,-147.6015|68.9105,-145.284375|70.24525,-146.547625|70.52825,-142.429625|68.00825,-146.421625|70.51275,-145.726375|70.252125,-151.552875|73.038625,-148.862125|69.874,-150.6035|72.307,-151.417375|71.99775,-147.237125|71.36625,-151.5255|71.985,-152.836125|71.3995,-153.0215|72.35,-147.12225|70.92275,-152.0685|70.906,-153.372625|72.5295,-154.35|72.119,-150.694|71.31375,-151.275875|71.00675,-38.398625|1.734875,-38.803375|2.284375,-41.684625|2.1155,-37.39425|1.854125,-41.186625|2.164625,-44.027375|2.265,-44.60525|2.22425,-9.009|0.0,-154.3545|75.9705,-156.35675|77.0135,-153.643125|76.532,-148.266625|76.68275,-154.770375|76.68775,-155.635125|77.48175,-156.56975|78.787,-153.679625|77.1885,
-150.373|74.76375,-149.830375|73.67725,-151.26075|74.23,-151.8045|74.033125,-148.89275|72.363,-149.99825|72.338,-148.970375|72.3735,-149.9045|72.60725,-139.395875|61.934625,-142.303375|62.37075,-142.428875|62.6105,-141.203|62.531375,-143.47475|60.921875,-140.218125|61.91175,-144.051|62.68325,-145.109375|63.6785,-149.250125|71.408125,-146.8265|71.11175,-150.495625|72.181,-148.165|71.30525,-148.886625|73.360625,-149.1305|71.969375,-147.168|71.229625,-144.517125|70.985125,-145.934875|67.116,-148.38175|67.8545,-147.358|68.764625,-146.848|67.200125,-146.3305|68.0375,-145.116|66.21125,-146.9465|68.072625,-145.499625|67.282875,-151.386|69.2015,-153.594625|71.60075,-153.478625|71.212,-154.61675|70.868875,-151.392875|69.157,-151.77325|70.42825,-152.276|69.158875,-148.74|69.461125,-150.323375|68.09725,-154.39725|69.28,-150.821|68.888,-152.74975|69.29,-154.698625|69.01425,-152.349625|68.644125,-150.759875|69.5195,-150.8445|69.10875,-144.298375|66.772875,-144.352625|67.588625,-137.922|66.58325,-145.97025|69.6525,-144.1135|68.244125,-144.11675|68.99975,-145.2975|69.856125,-145.66325|69.45525,-12.012|0.0,-57.79375|1.9405,-55.401|2.2305,-54.250375|1.91425,-52.5375|2.16175,-46.532625|2.29,-44.3305|1.773625,-42.17325|1.435125,
-147.2435|73.9775,-150.674125|73.63825,-149.448875|74.27375,-149.98325|74.21325,-148.877375|73.26625,-148.809625|73.80425,-147.221625|73.78675,-147.7585|74.316125,-143.67375|63.341125,-140.69725|64.1715,-142.005875|62.487,-140.983|62.90425,-139.7445|62.297,-137.799875|61.97675,-141.656875|65.30325,-138.964625|62.9575,-144.2605|76.116875,-143.536|74.35025,-144.203|75.138125,-142.114|75.05725,-144.5325|75.6785,-143.649125|76.413625,-145.46625|74.864375,-144.04325|76.269125,-146.781875|69.013,-149.322|68.293125,-146.656875|68.171875,-148.70725|68.967625,-141.73675|67.004625,-146.134|68.14775,-145.068375|67.964125,-146.303875|67.893375,-150.20725|69.90925,-153.5645|72.4195,-149.948375|70.32425,-149.727875|70.59275,-150.086875|68.11825,-149.894375|70.691625,-148.79925|68.99875,-146.72775|70.09325,-150.17725|68.417125,-151.32325|68.907125,-149.546125|69.780625,-153.332625|71.990875,-150.935|69.78825,-152.337375|70.982,-150.3765|69.0325,-151.846875|69.437875,-144.404375|69.182625,-148.682|68.5895,-135.297625|68.958375,-144.9935|69.432625,-144.58775|68.2295,-146.431875|69.625125,-143.815875|68.10025,-142.662875|68.36525,-43.72475|1.559375,-9.009|0.0,-81.072|1.4545,-85.884375|1.563125,-80.710625|1.246625,-70.757875|1.289125,-82.42625|1.7555,-78.43175|1.40225,
-146.234375|74.676375,-146.080625|74.396,-145.333875|73.361,-147.81475|75.78075,-146.6795|74.822625,-147.3445|75.799,-149.118625|76.724375,-144.52625|73.211875,-137.1545|67.34925,-136.864375|65.96575,-136.81|66.934,-138.22325|67.352625,-131.172875|62.13725,-134.894|66.3695,-132.33125|64.969375,-135.597875|66.667125,-147.06375|73.622375,-142.34225|71.4635,-147.689125|73.412625,-143.085|71.88025,-145.458|73.69475,-145.513125|72.00875,-148.41575|74.738625,-140.730375|71.788,-144.143625|67.728,-147.402|68.972375,-141.21525|67.49975,-144.788125|68.96,-143.65625|69.740125,-142.627625|68.232,-142.45525|67.452375,-144.494375|69.243,-146.482375|73.997625,-147.221875|73.918875,-144.692125|72.76,-146.2815|73.181875,-145.51175|74.126,-145.415625|74.5385,-143.915125|73.05075,-144.450375|74.250875,-148.89425|70.136,-147.714125|69.401875,-149.04875|70.437,-152.57225|72.873125,-150.20175|71.09275,-144.956375|68.113,-148.267375|70.02175,-147.47225|69.7095,-141.910125|68.2665,-140.4465|68.224875,-138.320125|71.09875,-143.62975|70.969375,-142.627|69.922875,-144.9785|70.4525,-144.956875|69.78175,-143.6315|69.354125,-73.07725|1.66175,-79.12425|1.669875,-13.013|0.0,-74.41625|1.766875,-73.135875|1.66675,-71.485375|1.64475,-72.06175|1.424875,-75.584375|1.75675,
-145.33725|73.684125,-146.72775|75.11775,-147.305125|74.338,-147.251625|73.864125,-148.34075|73.502875,-142.04825|70.66425,-147.6585|74.926375,-145.45425|74.598875,-139.793875|63.399625,-140.91175|63.902125,-138.4035|61.8905,-142.370875|63.992875,-139.07475|61.886375,-137.92|63.270125,-136.398875|61.01275,-137.022125|62.237625,-144.63075|73.143,-145.64875|73.060375,-141.996625|70.761125,-144.6565|72.707,-141.94025|71.6415,-143.180875|71.030625,-145.37575|71.4865,-141.871125|71.869375,-143.95025|66.99375,-144.090625|67.915625,-142.036625|66.52075,-142.176|66.59475,-138.13925|68.14125,-143.24775|69.71275,-143.391875|67.699375,-141.023125|67.73875,-147.17275|68.83775,-147.912875|71.292,-150.56975|71.394875,-146.435|68.86375,-146.55225|69.1615,-148.63|70.061875,-149.16975|71.303,-147.34|71.416875,-151.0775|71.346375,-149.018625|70.561625,-147.653125|69.073,-151.386875|70.66775,-152.9175|71.64325,-148.37975|70.233875,-149.356125|70.632125,-147.25575|69.596125,-140.32725|72.40275,-139.4835|70.67225,-135.462625|72.200875,-139.117125|71.532625,-141.413|72.865375,-135.501|69.33975,-139.72875|71.881875,-138.83|72.007,-72.912375|1.698125,-78.76825|1.957375,-78.472625|1.89875,-12.012|0.0,-68.2155|2.290625,-63.95925|1.60125,-65.7095|2.303125,-61.09225|2.19725,
-142.669625|77.658875,-144.00575|77.5165,-143.569125|77.29325,-146.74525|78.54175,-141.970125|77.64225,-143.234|77.33525,-144.972375|78.21275,-144.63175|78.5445,-139.557|64.38725,-140.71025|64.958,-139.72625|63.518,-140.846125|63.7675,-139.347875|63.54,-137.929|63.836875,-135.7925|61.676875,-140.063875|64.75125,-141.6365|72.216875,-142.9805|73.398875,-140.9115|72.489125,-140.9585|73.676875,-142.70775|73.8095,-141.5805|73.2515,-139.895|72.470625,-139.375|72.97625,-146.61825|70.899375,-140.705875|67.921625,-141.380125|67.625875,-144.46925|70.347,-141.259375|69.814125,-142.018375|70.1515,-143.7745|69.432,-141.04525|69.447625,-145.4845|70.333625,-144.885375|71.12725,-146.44625|70.62775,-147.64|71.547375,-146.30425|71.6015,-147.6215|71.291125,-146.552375|70.620125,-142.28975|71.169,-143.35475|72.26575,-142.476125|70.9,-141.708375|72.0295,-143.735|71.275625,-141.0255|70.3845,-135.819375|68.016375,-140.22875|71.749375,-139.97125|70.76975,-141.708|69.924,-142.04175|69.39,-133.793|69.94075,-142.17175|69.516125,-146.39325|71.5125,-141.3185|70.04,-142.884875|69.985625,-142.571875|70.234375,-58.04425|2.023375,-61.0825|2.03525,-67.98075|2.12625,-64.5225|1.915375,-9.009|0.0,-54.668625|2.378375,-53.398625|1.84775,-49.865875|1.534625,
-144.568875|74.332625,-142.177125|73.154125,-143.544125|72.048125,-145.869625|74.563875,-144.551|74.042,-142.41425|72.722875,-145.9425|74.373,-143.433375|74.1805,-137.832375|64.036375,-140.070375|63.417875,-137.825125|62.916375,-139.03425|63.043125,-139.236375|64.094375,-134.98525|62.59575,-137.91425|62.816,-137.33825|64.166875,-140.44175|70.876125,-140.889|71.023375,-139.717375|71.402125,-140.357375|72.090625,-142.323875|72.992625,-142.575125|74.274375,-142.816875|72.38325,-138.056375|73.149625,-141.006125|70.501,-140.620125|71.299125,-141.82425|72.30925,-139.22475|70.174125,-134.810125|68.456625,-138.633875|70.781375,-139.791875|71.00575,-140.374875|70.58575,-147.618125|70.4245,-143.76325|69.178875,-144.732875|69.810375,-146.0635|69.84125,-144.032375|69.365875,-147.473375|70.455875,-146.81275|71.162125,-144.383125|72.44675,-150.22925|70.574,-147.233|67.643,-146.38775|69.54525,-143.7695|67.3925,-146.63875|68.299375,-144.672125|69.382875,-146.161375|69.123875,-146.114625|68.066375,-141.946125|70.18175,-142.98625|69.01575,-134.60875|69.683625,-140.321875|68.501125,-142.829375|69.298125,-140.969375|69.907875,-141.952375|69.794875,-140.37825|67.769,-53.0985|2.079,-56.54725|2.23125,-62.148875|1.952625,-57.786125|1.572,-58.2055|2.003,-12.012|0.0,-50.64175|2.987375,-44.196625|2.1395,
-143.806|72.40075,-145.2765|73.16675,-147.61475|75.021,-146.34475|73.6635,-146.857|73.7745,-144.112|71.817,-144.8595|72.47175,-142.0075|72.4165,-135.34425|62.24925,-137.07725|61.7485,-137.43875|63.1415,-139.14475|61.69525,-141.053|63.9415,-135.45225|62.512,-138.592|63.651,-132.879|61.00375,-142.93125|71.982,-142.8555|70.32825,-139.0275|69.836,-140.25025|70.846,-142.80375|71.52725,-140.1085|70.5,-144.62425|73.091,-139.2525|72.0065,-143.98175|67.819,-144.373|68.25275,-142.36075|67.28975,-142.18875|65.799,-138.91825|67.3225,-139.29175|67.36,-143.75375|68.1305,-139.995|66.74725,-145.10275|68.96825,-145.804|68.92875,-144.5945|68.236,-146.858|70.6955,-146.9895|70.04775,-143.38175|67.7235,-145.1515|69.962,-141.80575|69.56175,-146.30975|67.17275,-148.611|68.25075,-147.04875|67.6665,-148.494|69.2925,-148.5865|70.119,-147.4|69.8575,-143.135|67.243,-145.09525|68.62425,-142.1685|67.3035,-140.44375|68.03275,-133.2695|68.62275,-142.66475|68.5465,-142.38975|68.86,-138.427|66.69175,-142.13525|67.33075,-140.91825|68.72475,-48.89025|3.359,-51.33525|2.9365,-58.02325|2.737,-56.4525|2.748,-55.3025|2.7065,-52.09225|2.856,-11.011|0.0,-44.86925|2.8275,
-143.15025|72.916,-143.98475|73.30225,-144.5195|72.09325,-143.98475|72.9325,-144.1265|73.1545,-143.1285|72.61525,-146.812|74.88325,-141.08775|72.38225,-137.143|62.01525,-136.32475|60.23425,-135.51925|62.08525,-138.9155|63.31125,-137.5225|61.7585,-135.947|62.62725,-133.83225|61.39925,-137.08975|62.88375,-141.058|71.729,-140.94075|71.8105,-141.3875|71.53125,-139.52525|70.1585,-137.653|69.25825,-140.8055|71.8235,-140.88325|71.95725,-138.1945|71.2235,-140.773|66.8605,-141.91575|67.73125,-141.634|67.8515,-141.867|67.254,-136.63775|66.11075,-138.6345|67.181,-138.63875|66.0095,-138.09975|66.3885,-143.717|68.48875,-144.68775|69.73825,-145.34025|69.502,-144.04375|69.7295,-141.14475|66.307,-144.7785|70.0075,-144.10875|69.3835,-140.223|69.4205,-145.839|68.90825,-144.708|67.6215,-147.025|68.538,-149.11125|70.64925,-144.948|67.4295,-146.27975|69.825,-144.922|68.85175,-148.34675|70.273,-140.2515|67.087,-140.6755|67.1825,-131.00675|67.1015,-139.7455|68.193,-138.556|66.3085,-138.7985|69.31175,-142.08525|69.703,-138.57375|68.28725,-44.64325|1.78,-46.9125|2.2925,-48.13325|2.77125,-49.581|2.0415,-49.23025|2.70525,-44.3715|2.164,-44.71575|2.1185,-8.008|0.0,
