-11.0055|0.0,-40.4206875|0.274875,-38.823|0.1623125,-41.6799375|0.2003125,-38.71675|0.245875,-38.6025625|0.248625,-42.544625|0.212,-38.585625|0.169,-46.7915|0.297,-40.181875|0.2484375,-127.1110625|69.021375,-127.8143125|68.7340625,-127.7675|69.49775,-127.657|69.1578125,-128.2301875|69.9161875,-126.8523125|69.24375,-128.7901875|69.6860625,-127.091625|69.0128125,-127.9105|69.1476875,-115.972375|58.0995625,-135.434125|72.0346875,-136.161375|70.8464375,-138.2860625|71.44375,-136.987|70.5765,-138.1445|71.0669375,-138.8333125|71.9285,-138.0226875|70.37525,-137.42975|71.1435,-138.4625|71.72825,-138.6599375|70.725625,-135.0763125|70.4363125,-135.4714375|70.3275625,-136.03575|70.7141875,-135.793875|70.215,-134.011125|69.573,-137.336125|71.0275,-135.212125|70.159,-135.6325|70.0174375,-137.2673125|70.7319375,-136.0850625|70.6359375,-138.00275|70.6665625,-139.120125|71.103625,-138.554|71.061,-139.553|70.969375,-139.628|71.193875,-138.8338125|71.5473125,-139.06325|71.048125,-139.2385625|72.395625,-137.9451875|70.3434375,-140.0834375|71.0149375,
-39.5403125|0.470625,-8.004|0.0,-76.6074375|0.29475,-75.065|0.2926875,-76.55|0.3124375,-78.7965625|0.2549375,-76.6184375|0.3058125,-75.4113125|0.33975,-70.826625|0.3588125,-83.7301875|0.363125,-133.175125|66.6545625,-134.0195625|67.1479375,-131.6704375|65.99475,-131.760125|65.6133125,-132.9620625|67.33825,-131.677625|66.2273125,-130.706375|66.84525,-131.137125|66.8109375,-131.7315625|66.8919375,-132.1331875|66.98225,-133.257|70.7546875,-139.82975|71.9263125,-140.4613125|71.6505,-138.89425|71.6453125,-140.039875|71.2923125,-139.112125|70.916875,-140.5725625|70.9435625,-138.07025|71.0551875,-140.3170625|71.8534375,-139.319|70.9655,-136.469875|71.2170625,-135.51825|70.845125,-135.8685|70.6435625,-133.3170625|70.1768125,-134.0550625|69.811625,-136.7600625|71.6604375,-135.0555625|70.892,-136.1995|71.0165,-135.928375|70.3690625,-135.0953125|70.7423125,-133.505875|74.4533125,-133.509375|73.81825,-132.3379375|73.84625,-123.87275|63.7661875,-133.03675|73.553625,-134.77375|75.183625,-132.5013125|73.8323125,-132.741375|74.54675,-133.34325|74.3241875,-133.8510625|74.1463125,
-80.0753125|0.2035,-77.8523125|0.2736875,-10.005|0.0,-79.1945625|0.305375,-75.7718125|0.2349375,-80.3521875|0.186625,-80.71825|0.235875,-75.1850625|0.254875,-79.0036875|0.188375,-81.235|0.2201875,-132.8058125|65.785625,-133.2575625|65.486,-132.7551875|65.553125,-134.181|65.3054375,-130.8741875|64.7634375,-134.221875|65.8075,-132.939125|65.340375,-134.2055625|65.5919375,-134.651|66.62675,-134.1726875|65.4628125,-133.22825|70.8239375,-140.3495625|71.2735,-139.7973125|70.8815625,-138.04225|69.6076875,-141.0244375|71.0225,-140.3941875|70.5346875,-140.82775|70.2833125,-139.225375|70.79675,-139.2004375|70.3983125,-139.8185|69.9559375,-134.287|69.155625,-136.4130625|69.6206875,-135.979|69.1984375,-133.9241875|69.263125,-134.1818125|69.907875,-135.2235625|69.4903125,-135.797125|70.3816875,-134.5949375|70.184375,-132.6336875|68.792125,-133.7343125|69.597375,-137.62625|70.258375,-137.8289375|70.687,-140.161375|70.835625,-140.2974375|71.0440625,-137.1809375|69.90325,-139.574|70.8289375,-138.613|70.322,-137.1743125|70.3235,-137.1949375|69.9914375,-138.2530625|71.024625,
-75.193375|0.180375,-81.1201875|0.2211875,-79.8005625|0.1745625,-8.004|0.0,-65.3916875|0.1558125,-70.229875|0.2213125,-68.83675|0.1455,-71.202375|0.2006875,-74.105125|0.2265625,-73.0151875|0.288125,-131.499125|65.645625,-132.9071875|65.779125,-132.1505625|65.4461875,-133.2083125|65.3085625,-130.7061875|65.920125,-131.5640625|64.790625,-131.933625|65.664625,-132.2893125|66.090375,-133.607875|65.014625,-133.9450625|65.598875,-133.9165625|71.610875,-138.03625|70.7019375,-137.811125|70.1885,-136.545375|69.3958125,-138.751625|70.47625,-139.290125|70.40025,-138.9495|70.4381875,-138.1038125|70.6871875,-138.144|69.9820625,-139.422375|70.725375,-133.619|69.3425625,-135.5624375|70.9835,-133.8966875|69.5705625,-134.682125|69.645,-133.719125|69.213625,-135.1060625|70.169875,-132.6866875|68.938125,-133.296625|69.7925625,-134.184625|69.7310625,-134.1831875|69.10825,-137.5995|71.497,-137.5426875|70.256125,-138.1214375|70.321,-140.9705|71.250625,-138.1156875|70.274,-137.636375|70.920375,-136.02775|70.02175,-137.0089375|69.97575,-137.3261875|70.2755,-138.376625|69.8288125,
-69.6180625|0.3383125,-71.184875|0.359,-68.0415|0.2336875,-63.3809375|0.2460625,-9.0045|0.0,-60.317875|0.375625,-60.854|0.410625,-63.1868125|0.4038125,-64.4935|0.319875,-64.0195625|0.24475,-129.5606875|65.4975625,-130.6161875|65.649375,-130.2501875|66.1425,-132.556125|66.443,-130.0169375|66.36175,-131.532875|66.5275625,-131.566125|66.1879375,-131.1179375|66.0715625,-132.894875|66.135625,-131.74475|66.1103125,-128.929875|73.212375,-118.317875|60.87825,-134.207|73.9328125,-132.4230625|73.917,-134.5585|74.961375,-133.6960625|73.647875,-133.6591875|74.00075,-131.91825|73.519375,-134.7763125|74.72125,-132.391|73.2655,-131.3641875|70.073125,-132.3868125|69.7955,-130.8740625|68.7255,-131.387375|69.8305,-130.7094375|68.9666875,-131.3994375|69.1475625,-130.4038125|69.169,-131.7909375|70.2943125,-131.5416875|69.4038125,-130.854|68.9380625,-135.366875|70.2491875,-137.1308125|71.79775,-137.5079375|71.64475,-139.10525|71.0124375,-136.4033125|71.454125,-135.2955|70.7770625,-136.366125|71.5005625,-135.88025|71.5691875,-136.252|71.7085,-137.54075|71.03875,
-63.3343125|0.24725,-63.6775|0.30025,-63.044|0.300875,-60.7978125|0.3023125,-63.108625|0.3923125,-8.004|0.0,-54.8559375|0.36775,-56.458625|0.366625,-57.492375|0.364,-55.425125|0.302625,-129.398625|64.9549375,-131.931375|66.0730625,-132.0335|65.3961875,-130.7533125|65.5325,-129.4475|64.938,-130.9103125|65.92125,-132.2808125|66.27425,-130.7313125|65.6659375,-131.677125|65.4909375,-131.210625|65.1273125,-131.414625|70.4055,-137.85625|70.0358125,-139.375125|70.8220625,-137.4300625|70.521625,-138.951875|70.8765625,-139.37275|70.39125,-140.2974375|70.732625,-137.5610625|70.6054375,-138.8264375|69.8695,-139.8214375|70.7448125,-132.44675|70.104125,-133.431875|69.984625,-133.1595|70.314,-132.5130625|69.808,-132.770875|69.9928125,-132.412|69.0046875,-131.2234375|69.320875,-130.4705625|68.59375,-132.0729375|70.042,-132.0833125|69.275375,-137.56725|70.7916875,-135.2355625|69.8784375,-135.6836875|70.020125,-138.18725|70.453375,-135.3706875|70.237625,-135.6646875|70.76925,-136.1940625|70.1421875,-135.2396875|70.349875,-135.0344375|70.225375,-136.68225|70.139375,
-54.93575|0.444875,-59.3115625|0.447,-56.708|0.33475,-54.7909375|0.30425,-57.941|0.4526875,-55.9435|0.3666875,-10.005|0.0,-51.025375|0.4395625,-52.101625|0.49775,-51.195875|0.3939375,-130.3635|65.3566875,-130.0926875|65.8783125,-130.221375|65.175,-130.4669375|65.435625,-129.6081875|65.842375,-130.555|66.7990625,-129.825875|64.9925,-130.501875|65.855875,-130.3779375|65.4953125,-130.8|65.584,-131.2038125|70.34225,-137.8005625|70.4616875,-137.8125|70.5128125,-136.453375|70.268,-138.585125|71.1044375,-138.36725|70.6660625,-137.8368125|70.2076875,-135.7300625|70.8048125,-138.0591875|70.356625,-137.834625|70.6796875,-132.0554375|69.584625,-131.998375|69.027625,-132.3905625|69.35175,-132.0769375|69.265375,-130.3845|68.6981875,-130.400625|68.2228125,-132.5604375|70.10175,-130.721625|69.0093125,-132.838875|70.547125,-132.483|70.0249375,-134.8925|70.4073125,-136.7845625|70.56375,-136.0904375|70.32,-137.245625|71.245125,-135.0274375|70.49,-134.639375|70.444375,-134.9110625|70.11525,-134.0698125|70.4051875,-133.981125|70.0729375,-135.9459375|70.1031875,
-48.383875|0.5175,-50.046625|0.47025,-46.8854375|0.3830625,-45.2238125|0.4163125,-46.834875|0.3415,-44.3995625|0.440375,-45.8619375|0.4639375,-8.004|0.0,-43.6850625|0.487875,-43.7436875|0.54925,-128.299375|65.924,-130.0968125|66.8206875,-130.9693125|66.8134375,-129.8943125|66.7034375,-127.147625|65.494875,-129.642125|66.8835625,-129.0750625|65.5733125,-130.222375|66.5161875,-131.2260625|67.3976875,-130.61475|66.6641875,-130.31825|70.826375,-136.88775|70.9565,-136.1965625|70.936125,-134.701|70.465,-136.716125|71.4813125,-136.5508125|71.038875,-136.724125|70.6583125,-134.87075|70.949125,-134.9885|70.8678125,-136.9161875|70.9359375,-131.9149375|73.3270625,-128.648375|71.1479375,-131.6353125|73.419125,-131.134|72.9544375,-130.9861875|73.1166875,-130.6921875|72.83925,-130.403875|72.6475625,-132.549|73.78975,-132.4570625|73.9393125,-131.55625|73.16675,-133.2606875|69.6900625,-134.7325625|70.1664375,-135.0574375|70.2020625,-137.819875|71.5075625,-135.07425|70.6821875,-133.4995|70.166,-134.4350625|70.77325,-133.9115625|70.7025,-135.577875|71.9315,-135.1969375|70.6305625,
-44.3708125|0.5520625,-47.723|0.665125,-45.861|0.6655,-42.667375|0.771125,-45.5096875|0.6044375,-44.058|0.605,-45.44025|0.6681875,-48.871125|0.6118125,-11.0055|0.0,-44.9695625|0.7921875,-128.801375|65.4704375,-130.046125|65.889125,-130.67875|66.141375,-130.383125|66.19875,-126.8818125|65.438625,-128.6786875|65.1595625,-128.715375|64.968,-129.324125|65.9101875,-129.492375|65.7115625,-131.4891875|66.2034375,-130.0211875|70.04925,-135.656875|69.887,-136.8159375|70.091875,-135.23925|70.590125,-137.2015|70.73625,-138.06325|71.53275,-137.5798125|70.298875,-135.9351875|70.8450625,-136.3864375|70.234375,-137.2950625|70.9258125,-131.21175|69.532375,-131.821375|69.304375,-131.41975|69.90225,-132.263625|70.0784375,-131.7989375|69.8385,-132.248125|70.3135,-131.1745|69.401,-132.4975625|70.2345,-131.7800625|69.7675625,-130.5850625|68.84675,-135.6676875|70.567125,-134.2028125|70.323,-135.2613125|70.2825625,-136.507875|70.6605,-134.627125|70.2890625,-134.0335|70.044875,-135.18375|70.47525,-133.9965625|70.80075,-134.1358125|70.1885625,-136.278|71.283625,
-38.989375|0.7284375,-42.749625|0.6209375,-41.1609375|0.52725,-38.8525|0.64475,-40.261125|0.5831875,-40.828375|0.670375,-41.4935|0.5795,-43.269625|0.51175,-42.4319375|0.6905,-11.0055|0.0,-128.486625|65.775625,-127.8268125|64.9899375,-128.68725|65.4500625,-129.1110625|65.5631875,-127.991875|65.380625,-128.6250625|66.48,-129.454125|65.555125,-129.6684375|65.99675,-129.2653125|65.07425,-128.7705|65.286375,-128.9371875|70.0650625,-135.5793125|70.8984375,-136.474|70.432125,-135.2515625|70.657375,-135.46025|70.07525,-136.8339375|70.2904375,-136.655875|70.040125,-134.364|70.2505,-135.7800625|71.256875,-136.0533125|70.7510625,-131.7929375|69.506,-131.918125|69.9985,-131.754125|68.786625,-131.92725|70.5695,-130.346375|68.888875,-131.2253125|69.669,-131.3191875|69.483875,-132.8261875|70.1845625,-131.1975625|69.199875,-131.2461875|69.44225,-135.5445625|71.3475,-136.2615625|70.9228125,-135.504625|70.19575,-136.1609375|70.4359375,-135.5126875|70.281875,-133.7946875|69.791625,-134.91875|70.50975,-133.959125|70.640625,-133.7695|70.073125,-133.775125|69.9095,
-131.498375|65.9395625,-126.5679375|65.518875,-125.351|64.9143125,-127.1661875|66.0696875,-125.877125|65.53625,-126.768625|65.6229375,-127.7150625|65.895625,-126.730875|65.859125,-127.6058125|65.8435625,-127.7635|66.1795,-8.004|0.0,-56.36425|0.454125,-56.477875|0.417625,-54.646375|0.361875,-55.3645625|0.3678125,-58.85175|0.2963125,-66.534|0.4659375,-62.9209375|0.3775,-60.2763125|0.3843125,-61.72225|0.497,-132.5966875|70.337625,-130.960625|71.363625,-131.5551875|70.1608125,-132.723125|70.3550625,-133.490375|71.2528125,-131.9624375|70.0794375,-132.772|70.4775,-132.0838125|70.91575,-131.7719375|69.85,-132.568375|70.9585,-138.268375|70.391875,-137.253625|69.4686875,-137.816375|69.48125,-139.86525|69.676875,-136.863375|68.8434375,-138.88475|69.43325,-141.1106875|70.4366875,-135.0424375|69.769125,-137.7035625|69.5099375,-137.1409375|69.212375,-131.8793125|70.095375,-132.964875|70.49575,-131.385375|69.898875,-132.0705|70.219875,-131.6866875|69.6230625,-131.8461875|69.8346875,-132.04625|70.052125,-132.28475|70.608,-139.503|70.1589375,-133.0563125|69.885875,
-132.725875|67.806375,-125.3330625|66.6533125,-126.41675|67.7595,-125.93525|67.7609375,-124.772875|67.1656875,-126.4169375|67.67125,-126.2480625|67.3579375,-124.7215625|66.4670625,-127.142875|66.824375,-126.1630625|67.295,-50.720375|0.346,-9.0045|0.0,-47.298125|0.3809375,-43.9696875|0.2330625,-48.48575|0.3561875,-49.074375|0.33125,-55.328125|0.3966875,-52.386375|0.268125,-50.8955625|0.33975,-52.412375|0.3456875,-129.9615625|74.7725,-130.607125|74.591,-131.01575|75.0056875,-131.3981875|75.108375,-133.350625|76.4240625,-130.90975|74.74875,-130.7624375|74.3803125,-132.003375|75.1685625,-131.452375|74.770375,-128.3358125|73.179625,-135.0711875|74.9150625,-135.03075|74.6804375,-133.8523125|73.1105625,-135.50225|74.4156875,-134.256625|73.738125,-134.9448125|73.9425,-136.4015|74.8150625,-129.350125|71.24675,-133.992|74.2941875,-134.8443125|74.5929375,-131.916|71.888625,-131.466125|71.9613125,-131.816625|72.091375,-131.2929375|72.1534375,-131.146875|72.27875,-131.423375|72.2645,-130.8124375|72.0505625,-131.7910625|73.005125,-137.3508125|72.119375,-132.35225|72.277375,
-131.1174375|65.377125,-125.0633125|65.442875,-123.8106875|64.8415,-125.493|66.3088125,-123.9809375|65.362875,-124.8811875|65.7556875,-124.698625|64.78975,-125.3618125|66.142,-126.3136875|65.544125,-126.150875|65.6025,-47.7548125|0.251625,-49.795625|0.36,-11.0055|0.0,-40.8238125|0.3688125,-44.7153125|0.333375,-47.0686875|0.24325,-49.8540625|0.2665,-49.1504375|0.2489375,-48.2840625|0.218875,-50.8978125|0.3463125,-129.9364375|70.1924375,-131.447875|71.70025,-130.783375|70.099125,-130.6015|70.239,-131.038875|70.404125,-130.9261875|69.693625,-129.74125|69.192125,-132.408125|71.15925,-132.005875|70.852,-130.02275|70.142875,-136.615375|69.527375,-136.783375|69.269125,-139.243125|70.0451875,-137.5483125|69.130625,-136.82125|69.9215,-136.607125|68.859375,-139.3770625|70.255625,-134.8484375|69.899375,-136.31|69.455875,-136.7505|70.130375,-132.0704375|70.5255,-131.4600625|69.857,-130.0139375|69.87175,-129.06375|69.551625,-129.907375|69.8291875,-130.7774375|69.985875,-132.6903125|71.176875,-130.1774375|69.936,-138.55575|71.015625,-132.2348125|71.12625,
-131.1558125|65.93475,-124.394875|65.5475,-124.7214375|65.728,-123.916|65.5849375,-122.706125|65.605375,-123.820625|65.75025,-123.9618125|65.5524375,-124.84425|66.0095,-125.033125|65.004875,-126.4935625|66.429875,-40.2019375|0.2885,-44.298625|0.407125,-43.2176875|0.4258125,-7.0035|0.0,-37.8250625|0.3094375,-40.994|0.3400625,-42.981125|0.4039375,-42.22975|0.25,-42.9479375|0.2475625,-42.91275|0.319625,-130.271|69.497625,-130.0301875|70.9346875,-131.108375|70.565,-130.2835|69.392,-131.2410625|70.499875,-131.8945625|71.70475,-131.299375|69.339625,-130.17175|69.69775,-131.63025|70.81675,-129.9598125|70.253375,-136.9648125|70.2105625,-136.6353125|68.6896875,-137.738625|69.85925,-138.8211875|70.0226875,-136.3981875|69.4655,-137.36525|69.359625,-138.6895|70.069625,-132.954875|68.775625,-136.6245|69.781375,-136.7184375|69.4915,-129.6595|70.1565,-128.892|69.581375,-129.324875|70.002625,-130.3585|70.021,-130.5773125|70.3235,-130.2286875|70.037,-131.2498125|69.94325,-128.0475|69.3335,-136.9361875|71.1256875,-130.5598125|70.303,
-130.900875|65.5758125,-124.446625|65.168875,-123.9161875|65.6015,-125.0204375|65.9143125,-125.1635|66.75425,-124.801|66.0815,-125.0330625|65.9483125,-124.7321875|66.0048125,-127.3628125|66.9681875,-125.6758125|65.9710625,-38.3690625|0.3841875,-40.7235|0.4990625,-40.3228125|0.4133125,-37.2445625|0.539125,-10.005|0.0,-39.00375|0.628,-39.0970625|0.529875,-39.1909375|0.4464375,-39.655625|0.4148125,-39.974625|0.460125,-130.2164375|70.54725,-130.51075|70.7175,-129.4765|69.7925,-130.8081875|70.3205,-130.4866875|69.979,-131.2165625|70.807125,-130.5626875|70.821625,-130.683625|70.294125,-131.0618125|70.8475,-130.4594375|70.5389375,-136.30975|69.228625,-135.7725|69.426375,-137.69275|69.3375,-137.343|69.458375,-136.05025|69.6996875,-137.2710625|70.5738125,-138.2455625|69.378375,-134.16425|69.5773125,-133.958625|68.5818125,-134.7721875|70.0005,-131.1659375|71.2310625,-131.22225|70.7056875,-130.130875|70.349,-129.62075|69.7973125,-130.0375625|69.99475,-129.8095625|69.621375,-130.60725|70.9179375,-129.589125|70.4086875,-135.46975|69.834875,-130.6953125|70.595375,
-130.3110625|66.32025,-125.4184375|66.230125,-125.49|66.484375,-126.3350625|66.829,-124.6590625|66.413,-125.06425|65.932875,-125.4615625|66.2355,-124.8509375|65.670875,-126.182|65.736375,-125.6009375|65.987125,-40.6235|0.98175,-41.9176875|0.906875,-42.4610625|0.95675,-39.7910625|1.027125,-41.9943125|1.258,-10.005|0.0,-42.2746875|1.193375,-40.43225|0.97125,-41.51575|0.904375,-41.093|0.957875,-130.7904375|70.13575,-129.2724375|70.534875,-129.888125|69.477375,-130.52775|70.95,-131.133625|70.685375,-130.4085625|70.458,-132.0685|70.897375,-131.4574375|71.002625,-131.7985|71.099625,-130.37675|70.3995,-135.629125|70.09775,-137.3801875|70.466125,-137.6685|70.14575,-137.158|68.652,-136.2899375|68.884625,-137.217875|69.351,-137.73525|69.80025,-135.1913125|70.301375,-137.6405625|70.332875,-135.9|69.63975,-130.109375|70.033625,-131.6184375|71.18875,-131.237|71.135375,-131.4723125|71.455375,-129.5566875|70.299375,-129.0638125|69.853625,-130.63425|70.20375,-129.32675|70.356375,-135.59225|69.841375,-130.4239375|70.07025,
-135.8413125|65.054875,-130.732375|65.767625,-129.2951875|65.1533125,-128.5561875|64.61925,-130.29575|66.591375,-130.4666875|65.8689375,-130.039625|65.9373125,-130.329375|66.0060625,-130.7888125|65.3834375,-130.410125|66.4511875,-38.5615|0.224375,-36.077375|0.335,-40.6419375|0.16575,-36.6565|0.1948125,-41.3439375|0.235875,-45.8425625|0.278,-11.0055|0.0,-40.7493125|0.271125,-38.5204375|0.2778125,-40.4031875|0.2591875,-136.0471875|71.2034375,-133.6071875|70.1900625,-135.8825|70.7509375,-136.7026875|71.1701875,-137.194|70.479375,-135.0630625|69.944,-136.3275625|69.9796875,-134.95575|69.751125,-136.094625|70.68175,-136.0670625|70.790125,-141.6675625|69.9896875,-141.385125|69.1900625,-142.586375|70.432,-142.4494375|68.943125,-140.4815625|69.29475,-140.408|69.41875,-142.8394375|69.6989375,-139.1221875|69.6394375,-142.699625|70.4780625,-140.1501875|69.5765625,-135.1611875|70.615875,-137.6411875|71.2730625,-135.515875|70.775375,-135.09175|70.470125,-134.725|70.2511875,-135.05725|70.4384375,-135.8986875|70.3441875,-135.167125|70.3114375,-137.535625|71.536875,-135.3874375|70.81975,
-132.7371875|66.375125,-128.90925|66.318625,-127.4746875|65.8519375,-127.5275625|65.815875,-127.533625|66.601,-127.79475|66.02875,-128.58925|66.26225,-127.84275|66.7231875,-128.3865|65.9989375,-128.0138125|65.944375,-74.8969375|0.22425,-70.4279375|0.2444375,-77.8395|0.3003125,-77.9823125|0.3019375,-76.109|0.2455,-68.8389375|0.34975,-39.3491875|0.2413125,-9.0045|0.0,-76.0893125|0.29825,-65.9143125|0.2903125,-133.4280625|71.158625,-132.7965|70.93375,-133.844625|70.764875,-133.88275|70.7264375,-133.997125|71.515875,-133.463625|71.0188125,-134.0963125|70.908875,-132.504875|70.4,-134.0373125|70.9765625,-133.031625|71.4145625,-139.2269375|70.2035,-140.5435|71.2855625,-140.0960625|70.2345,-140.4090625|70.00925,-138.6955|70.721875,-140.123625|70.0988125,-141.897875|70.3375,-138.4623125|71.6625625,-139.058875|70.4040625,-138.8464375|69.6704375,-128.1869375|72.0396875,-128.881125|72.31675,-130.3376875|74.2241875,-129.900875|72.9893125,-130.175375|73.3988125,-127.8526875|71.8646875,-129.9271875|73.1613125,-131.1988125|73.844,-121.78425|62.14425,-128.7940625|72.7439375,
-133.5298125|65.5040625,-127.766|65.4944375,-128.0258125|66.640125,-127.556125|65.5184375,-126.48275|65.3574375,-128.069875|66.16325,-128.188125|65.508125,-128.261125|66.2433125,-129.7806875|65.392625,-128.1240625|65.4773125,-69.7620625|0.43025,-66.8349375|0.46925,-72.153375|0.3558125,-67.1941875|0.258875,-73.439125|0.3309375,-73.788375|0.2965625,-78.2035625|0.3300625,-73.269625|0.3730625,-10.005|0.0,-70.0456875|0.372,-134.47175|71.181,-133.3155|70.645125,-132.8520625|69.9545625,-133.2230625|69.8258125,-133.5743125|70.83525,-134.125125|70.6019375,-133.4681875|70.368875,-134.760625|70.4934375,-133.151|70.2195625,-132.7419375|70.4056875,-139.7431875|70.0708125,-139.0678125|69.58425,-138.625|69.9084375,-140.7454375|70.257625,-139.7585|69.4250625,-141.1491875|70.2174375,-141.8574375|69.852125,-136.9839375|70.6544375,-138.829375|69.915375,-138.50675|69.600375,-133.9160625|70.2166875,-133.9885625|70.4211875,-132.558375|69.5851875,-133.292|70.187875,-134.9180625|71.028,-134.0035625|70.8699375,-134.779125|70.7254375,-134.567375|70.26125,-141.1539375|70.888375,-134.8159375|71.040625,
-118.7345|60.660875,-122.947625|67.7866875,-123.628875|68.259,-122.7778125|68.2696875,-123.1146875|67.966625,-122.6179375|67.816625,-123.64125|68.2571875,-124.694125|68.7995625,-125.8368125|68.59475,-122.3104375|66.897625,-56.373|0.3788125,-57.60775|0.4530625,-64.135625|0.4565,-61.7460625|0.425,-59.305375|0.381625,-62.99525|0.398,-68.0463125|0.3764375,-63.0998125|0.3234375,-68.1451875|0.357875,-8.004|0.0,-131.546375|70.9476875,-131.443125|71.153125,-131.8724375|71.199625,-132.035125|70.75625,-133.1219375|71.0034375,-133.0158125|71.6458125,-131.5108125|70.4541875,-131.9963125|70.888625,-132.7325625|70.9568125,-130.35325|70.2531875,-137.7283125|70.6770625,-137.6559375|70.33825,-136.927875|69.809375,-140.100875|70.6476875,-138.654625|69.8235,-139.039625|69.8749375,-139.7350625|70.692875,-136.2733125|70.9019375,-138.6725|71.2390625,-136.329375|70.0479375,-132.78075|71.06175,-134.1280625|72.1575,-131.9510625|71.5091875,-132.068375|71.114375,-131.85325|70.2565625,-132.2835625|70.3756875,-133.0781875|71.38575,-131.2835625|70.872875,-137.8993125|71.40675,-132.5276875|71.9393125,
-135.907375|65.560875,-134.5125625|64.7658125,-134.394375|65.3301875,-133.2565|65.2805,-133.634625|66.1871875,-135.1046875|65.8904375,-133.525625|65.121875,-135.1675|64.8044375,-134.600875|64.9878125,-134.933125|65.299,-133.371125|64.7084375,-129.110875|64.639125,-132.1140625|65.0324375,-133.42775|65.00875,-133.3430625|64.613375,-132.4926875|65.354625,-133.8378125|65.66125,-133.7895|65.3275,-133.3921875|65.1906875,-133.595375|65.185375,-10.005|0.0,-54.7568125|0.3555,-53.3554375|0.3224375,-46.593|0.241875,-41.625125|0.341375,-41.6435625|0.23925,-40.57475|0.253,-43.4198125|0.1565625,-43.19075|0.2769375,-37.5685|0.20175,-139.87675|68.9046875,-139.86225|69.6121875,-138.005|69.414875,-139.384125|68.9365,-140.0630625|68.4876875,-138.640125|68.8228125,-138.62025|69.253125,-139.16575|69.360625,-140.4685|69.324875,-141.224125|69.5895625,-138.3466875|70.2605,-137.5798125|70.01825,-137.0599375|70.6990625,-139.1339375|70.76025,-137.9728125|70.1463125,-137.1573125|68.9304375,-137.2058125|69.408375,-138.683375|69.82975,-137.6829375|70.8805,-137.303|69.37125,
-127.281375|69.1085,-128.363|70.2021875,-127.2205625|68.9128125,-128.714375|70.176,-120.493375|63.5091875,-126.8314375|69.3105625,-127.8336875|69.5365625,-126.4503125|68.8020625,-127.267375|69.053625,-126.8630625|69.0671875,-132.133625|66.63025,-127.1066875|66.899,-130.612|67.1015,-130.999|67.506125,-131.4491875|67.4549375,-131.0973125|66.2769375,-132.298375|66.3031875,-130.9715625|66.106375,-131.772625|67.216375,-130.899125|65.91175,-42.38725|0.3030625,-7.0035|0.0,-83.6301875|0.3191875,-68.3490625|0.3361875,-77.782125|0.3564375,-80.215125|0.295125,-79.9191875|0.2910625,-68.6778125|0.3068125,-75.4266875|0.2963125,-71.677125|0.4175625,-135.0008125|73.39625,-134.083375|73.0353125,-134.2791875|73.2615625,-135.056125|74.278625,-125.13675|67.049625,-135.6691875|74.44775,-133.8838125|73.4545,-134.779875|73.820625,-136.524|74.0603125,-134.1635|73.62625,-138.981625|71.2410625,-140.6615|72.308,-138.4501875|71.942375,-137.805|71.6629375,-139.752375|71.249375,-139.6741875|71.7819375,-138.6869375|70.2908125,-137.697875|70.7445625,-133.7265|71.2545,-139.1395625|71.2960625,
-135.272125|66.5115,-133.47375|65.099875,-133.227|65.688875,-134.3721875|65.9650625,-132.1216875|65.6793125,-132.4133125|65.7679375,-132.3589375|66.0478125,-133.3751875|65.1011875,-134.5775|66.283625,-133.6823125|66.6691875,-131.4565625|66.1071875,-127.4473125|65.0191875,-130.3285625|65.006125,-130.41675|66.162375,-131.5330625|66.1694375,-130.8899375|66.0909375,-131.805125|65.5445,-131.0854375|65.3256875,-131.210375|65.04925,-130.8070625|65.560875,-79.39025|0.2616875,-79.5624375|0.3434375,-13.0065|0.0,-74.9154375|0.3343125,-74.882625|0.3605,-79.1041875|0.3781875,-74.4991875|0.45825,-76.086625|0.397875,-75.5679375|0.2805,-71.911|0.25875,-139.9184375|69.20475,-140.5376875|69.90175,-139.605875|69.56675,-139.7890625|69.258125,-138.5516875|69.96175,-140.3731875|69.1434375,-139.6415|70.22775,-140.2804375|69.0553125,-141.67925|69.93675,-140.711375|70.2623125,-133.4711875|73.5688125,-134.09775|73.1885,-131.8806875|73.0130625,-131.392125|73.1303125,-133.8018125|72.890125,-134.2409375|72.927375,-133.3169375|73.5849375,-133.183875|73.0421875,-128.808125|71.8074375,-120.7795|61.7918125,
-133.45625|64.7141875,-133.85275|65.00025,-134.5985625|64.545375,-132.6163125|65.361625,-131.2231875|64.6510625,-133.2118125|65.4135625,-132.2508125|65.5725,-133.629875|65.0213125,-133.07025|65.1584375,-134.7525625|66.0688125,-131.838875|66.218125,-127.307375|65.078875,-129.2665625|64.6213125,-130.182|64.4065625,-130.9194375|65.803625,-130.4046875|65.471375,-132.184375|65.2449375,-130.54775|64.3895,-129.8241875|65.2549375,-131.6829375|65.4853125,-79.48425|0.4626875,-77.0080625|0.4014375,-82.3695|0.45575,-10.005|0.0,-71.7258125|0.4155,-67.703375|0.5301875,-66.9355625|0.445375,-71.547625|0.4663125,-67.756625|0.5065625,-63.7759375|0.5015625,-140.5350625|68.9079375,-139.163125|68.8659375,-140.9141875|68.806875,-137.618|68.7550625,-137.589875|68.932,-140.9564375|68.946375,-140.8705625|69.3290625,-140.8354375|69.5795625,-141.37825|69.4281875,-140.63175|69.36375,-140.42575|69.6171875,-138.9923125|69.822875,-137.755625|69.3811875,-137.7408125|69.4691875,-140.59175|70.505625,-139.1688125|70.6319375,-140.481875|70.1545625,-138.9226875|70.2833125,-134.577625|70.015,-140.8368125|70.2044375,
-132.915125|65.2493125,-134.506125|65.7674375,-134.4226875|66.318875,-132.7749375|64.972,-129.68375|64.638625,-132.5886875|64.9135,-131.7588125|64.90575,-133.546875|65.641625,-132.321375|65.298125,-132.6245625|65.52075,-130.9085625|65.762625,-126.3499375|65.039375,-128.88125|64.819,-129.434625|64.793375,-129.7694375|64.6819375,-129.549875|65.000875,-130.0801875|65.218375,-130.5904375|65.3661875,-129.20325|64.4445,-130.26|64.925875,-78.8915|0.4179375,-75.799375|0.434,-77.4473125|0.5736875,-74.3813125|0.334375,-11.0055|0.0,-62.4958125|0.6190625,-62.69|0.45325,-60.84725|0.378875,-67.3678125|0.3710625,-56.59225|0.463,-139.159|68.5188125,-139.8126875|68.55275,-139.4973125|68.77325,-138.19225|68.048,-138.9693125|68.9555,-140.4785625|69.03825,-140.449375|68.826,-140.16125|68.6641875,-141.6415625|69.2845625,-138.696|69.248625,-140.1479375|70.74925,-139.4810625|70.3324375,-137.5981875|70.0690625,-138.3035625|69.456,-138.5846875|69.3976875,-137.8715|69.00375,-139.05975|70.373625,-137.776875|69.8500625,-133.6373125|68.95825,-139.394|69.5135625,
-132.582625|65.852625,-133.311|65.9926875,-132.2205625|64.938125,-130.6779375|65.36325,-129.594375|64.893375,-131.15075|65.183,-132.20325|66.044875,-132.5680625|65.645125,-131.0310625|64.9610625,-131.831125|65.8105,-129.4498125|64.305875,-125.499875|65.070625,-128.85575|65.1648125,-129.0225625|65.159125,-128.735625|64.738125,-128.982125|65.6470625,-132.009375|65.5391875,-130.6628125|65.611,-129.2346875|64.8045625,-129.817875|65.89075,-70.0579375|0.446125,-68.208|0.44425,-74.17025|0.36175,-64.673625|0.437625,-62.0740625|0.39775,-12.006|0.0,-53.4093125|0.2798125,-56.2913125|0.3414375,-56.035625|0.3330625,-53.7120625|0.364875,-138.809625|69.386375,-138.3210625|68.5575625,-138.8205625|68.4981875,-138.54125|69.634125,-135.886|68.94475,-140.317625|69.4419375,-139.3674375|69.465625,-138.6683125|68.0665,-139.3860625|68.885625,-138.049|69.28025,-138.3890625|69.95275,-137.3954375|69.8115,-138.4869375|70.806,-135.8680625|69.074875,-138.63|70.3385,-138.2191875|70.4281875,-138.099|69.422375,-137.228875|69.7790625,-132.6855|70.037375,-139.5375|70.44625,
-131.98475|65.1953125,-133.22125|65.6665625,-132.8986875|65.9734375,-131.306375|65.17925,-128.5314375|64.8373125,-129.1399375|65.330875,-129.662625|64.9739375,-131.5675|65.5031875,-130.445375|65.0786875,-130.279|65.4115,-128.8305625|65.3404375,-125.05675|64.81575,-127.7665|64.3585625,-126.7653125|64.60075,-128.5880625|64.8345625,-126.8918125|64.0679375,-130.454125|65.0045,-130.36575|66.217875,-130.020875|65.4041875,-129.9930625|65.7954375,-58.9398125|0.6624375,-62.7699375|0.5330625,-64.617125|0.6348125,-57.6575|0.460875,-55.333375|0.5215625,-56.0671875|0.6200625,-10.005|0.0,-48.79125|0.4363125,-51.8539375|0.484875,-48.0935625|0.471125,-138.065375|69.52975,-138.2494375|70.0420625,-140.0350625|69.889625,-137.577|69.5854375,-136.231|68.8854375,-139.7385625|69.197375,-139.5201875|69.2711875,-138.121875|69.6644375,-139.211375|68.858625,-136.7284375|68.6681875,-136.264375|68.921,-137.9396875|70.537,-134.397875|70.09125,-135.0026875|69.6113125,-137.9729375|69.5046875,-139.05475|70.06075,-139.174625|70.0344375,-137.4501875|70.2971875,-131.5086875|69.3053125,-137.1064375|69.8413125,
-131.6715|65.28925,-130.8953125|64.667875,-131.935875|65.2304375,-131.221|65.6683125,-127.793375|64.855,-129.593625|65.17075,-129.3513125|65.150875,-129.0928125|64.3226875,-130.1338125|65.16125,-128.7494375|64.7926875,-128.7286875|65.4363125,-124.4994375|65.1309375,-127.102875|64.792875,-126.2438125|64.5474375,-127.3564375|64.6433125,-128.5265|65.347375,-129.627125|64.7308125,-127.95425|64.3405625,-126.4105|64.5006875,-128.70425|65.607,-50.508|0.4830625,-52.571375|0.6055,-57.036|0.5976875,-49.505625|0.3684375,-48.2329375|0.4826875,-48.81075|0.41125,-47.0021875|0.4124375,-8.004|0.0,-44.2373125|0.612125,-43.6266875|0.417375,-137.12075|68.7659375,-137.8074375|69.7969375,-137.2470625|68.8978125,-137.728875|69.3065625,-134.444|69.1973125,-137.778|68.5680625,-137.61825|68.385125,-136.952625|69.6766875,-138.9735625|69.5471875,-137.105625|69.282,-135.6495625|69.661875,-137.334625|70.7265,-136.0541875|69.747375,-136.63625|70.15275,-136.148875|69.9855625,-135.4911875|68.836625,-135.7371875|69.2983125,-135.685|69.5649375,-131.2815|69.5026875,-136.5041875|69.40775,
-129.9469375|64.591,-129.9049375|64.326375,-130.2021875|64.873875,-128.8725625|65.516,-127.4536875|65.24575,-127.298|64.609,-129.951875|65.5685,-130.5353125|65.263,-130.531625|65.618125,-130.798625|65.581625,-128.9373125|65.64825,-124.5619375|65.414875,-128.8541875|65.94325,-126.710375|64.839,-127.152125|65.73425,-127.3831875|65.232375,-129.287875|65.594625,-128.0939375|65.172125,-127.8688125|66.06675,-127.6439375|65.1235,-44.0054375|0.892875,-47.958375|0.778125,-51.57925|0.681,-44.6918125|0.69475,-42.611375|0.562375,-44.457875|0.80775,-42.3151875|0.50575,-41.2935|0.57525,-11.0055|0.0,-39.9454375|0.714625,-135.7885|69.1995,-136.3746875|69.343375,-137.2584375|69.422625,-136.6723125|69.223625,-134.36775|69.378,-138.609375|69.646875,-136.1481875|68.24375,-137.1515625|68.832875,-138.061625|68.353625,-136.171625|69.28925,-137.3838125|70.241375,-135.5930625|70.11175,-134.1309375|69.507875,-134.9644375|69.374,-137.6541875|70.3915,-136.3229375|70.125125,-135.697125|69.549625,-134.8923125|69.651,-130.3914375|69.7565,-135.3526875|69.457125,
-129.940375|65.52525,-130.3110625|65.7981875,-130.5233125|65.238375,-130.655125|66.6850625,-128.234375|66.2235625,-129.327125|66.1959375,-128.4731875|65.5894375,-130.1696875|65.9084375,-128.967375|65.8188125,-129.7315|66.106125,-126.926|69.5313125,-121.1284375|65.6611875,-125.233625|69.00975,-125.8294375|68.9238125,-125.784|68.77825,-125.6161875|68.5285625,-126.5085625|68.53675,-125.82525|69.0335,-124.10775|68.0405,-125.9994375|69.0454375,-38.7411875|0.431,-38.34825|0.474125,-43.706|0.415,-38.1015625|0.6209375,-42.41575|0.37875,-40.188125|0.4295,-40.947375|0.409,-38.095125|0.4064375,-39.7338125|0.577875,-9.0045|0.0,-135.404|69.11475,-134.059|68.1998125,-135.8433125|69.717875,-134.9493125|69.316125,-134.3505|69.405625,-136.764125|69.6476875,-136.253375|70.1965625,-136.7275|70.0789375,-137.0854375|69.68325,-136.5149375|69.9955,-135.3871875|69.638125,-136.7941875|71.493875,-134.453875|71.0201875,-134.1130625|70.1683125,-136.8973125|70.096625,-137.396|71.1009375,-135.5834375|70.32825,-135.383375|70.715375,-130.498|70.58,-136.031875|70.472375,
-126.7981875|65.1974375,-126.4484375|65.3558125,-127.1455625|65.5454375,-126.19925|64.900125,-127.195375|65.191375,-125.8903125|64.777875,-126.409375|65.4911875,-122.4013125|65.40625,-126.2661875|65.6335625,-126.4086875|65.666125,-126.7014375|64.6650625,-128.9301875|65.1761875,-127.235375|65.5036875,-127.6256875|66.001875,-127.6584375|66.0306875,-127.634125|65.2936875,-126.454625|64.1751875,-127.54325|64.9731875,-126.3351875|64.929,-127.420375|65.0774375,-129.6825625|70.076125,-127.505125|69.84075,-135.7515625|69.92275,-134.4376875|69.7160625,-135.29275|70.1514375,-136.0024375|69.8655625,-136.345875|69.150125,-134.635375|69.9809375,-136.3519375|70.93075,-136.1699375|69.80475,-11.0055|0.0,-41.317|0.456125,-47.8173125|0.369125,-46.9459375|0.5039375,-46.149125|0.51475,-46.12925|0.5144375,-43.3110625|0.4448125,-48.286625|0.529125,-42.7314375|0.28075,-46.1430625|0.49475,-129.527|70.45775,-129.0743125|69.633625,-129.45475|69.8686875,-129.76475|70.29975,-127.497375|68.72675,-130.2830625|70.5391875,-128.4640625|69.243875,-136.6404375|70.972875,-130.2446875|71.2055625,-129.40375|70.121,
-125.6598125|69.21125,-124.444625|68.59525,-124.9049375|68.454125,-125.119|68.732125,-126.2735625|68.785875,-124.8043125|68.752125,-125.2808125|68.677125,-122.336125|68.7915,-124.73325|68.6055,-124.9104375|68.56025,-127.8578125|65.85175,-129.126625|66.544375,-127.5755625|66.626875,-126.165875|66.3935,-127.6138125|65.823875,-126.8479375|65.72275,-129.735875|66.258125,-127.278125|66.02475,-128.70225|66.71375,-127.5499375|66.249375,-127.812|69.654,-125.515625|69.93125,-134.135625|70.410875,-133.900125|70.00525,-135.253|70.532125,-134.957375|70.51275,-137.1671875|70.562375,-134.505625|71.246,-135.833875|70.42975,-136.0316875|71.024875,-41.929375|0.745,-10.005|0.0,-46.118|0.73725,-44.602625|0.710375,-44.0913125|0.837375,-44.5560625|0.838125,-39.7684375|0.717875,-42.8315625|0.761375,-43.580625|0.79075,-41.6736875|0.77175,-129.9379375|70.565375,-129.9555|70.989,-130.1121875|71.449,-129.14925|70.614125,-129.27325|70.78425,-129.98925|70.25475,-128.89525|70.32475,-135.942625|70.888375,-129.383625|70.80525,-130.9775|71.197125,
-131.2186875|65.7441875,-130.3881875|66.1738125,-129.5799375|65.022625,-132.3143125|66.311125,-130.9649375|65.9186875,-131.4433125|66.099,-131.397625|66.15625,-127.1736875|66.42825,-129.9608125|66.1089375,-130.0203125|66.094375,-132.020375|66.0136875,-133.246125|66.0051875,-129.3390625|64.969,-131.0124375|66.269125,-133.2288125|67.0110625,-131.6600625|66.1043125,-131.2996875|64.2800625,-133.274|65.8980625,-132.293875|66.3670625,-132.9735|66.322125,-133.981875|70.298125,-133.202375|70.7849375,-136.4090625|70.9576875,-138.329625|71.235875,-137.40275|71.04175,-137.9059375|71.21225,-138.0195625|70.889375,-137.057125|70.4300625,-138.204|71.6283125,-138.0971875|70.6691875,-42.4233125|0.3765,-44.6565625|0.2818125,-9.0045|0.0,-46.1225625|0.3370625,-40.1153125|0.3516875,-48.9411875|0.3194375,-41.9290625|0.243875,-44.9095|0.346875,-43.5645|0.2796875,-48.639875|0.37825,-130.4678125|73.26375,-130.3068125|73.8289375,-130.8189375|73.889,-129.8743125|73.4390625,-130.1088125|73.3153125,-130.6145625|73.6904375,-130.717625|73.90625,-118.7615|59.496375,-130.3206875|73.69975,-129.3990625|72.852125,
-131.494375|65.2566875,-130.6091875|65.6405,-131.5845625|65.776375,-131.330625|65.58775,-132.1895625|65.3439375,-131.9675625|65.6615,-132.13475|65.4388125,-125.24525|64.542875,-131.1723125|65.23875,-129.8886875|64.8816875,-132.574625|65.069,-134.0850625|64.75075,-131.596875|65.194,-131.255|65.0205625,-132.2973125|65.121125,-133.367375|65.53925,-134.3285|65.5814375,-132.547125|64.7714375,-133.591|66.213875,-133.2205|66.4765625,-133.7895|70.169,-131.587|69.371625,-140.989375|70.640125,-138.9119375|69.388125,-140.4815|69.878125,-140.90275|70.28625,-142.4366875|69.882625,-140.310625|70.320125,-139.904|69.7275,-141.39375|70.899625,-91.22575|0.2940625,-75.7253125|0.35325,-47.133875|0.403125,-11.0055|0.0,-90.221|0.333375,-82.046875|0.3636875,-81.7905|0.4415625,-84.225|0.4140625,-88.3965625|0.438375,-80.2894375|0.3044375,-135.1784375|69.847625,-135.2831875|70.024,-134.465|68.987125,-135.079625|70.753,-134.9815625|69.73625,-134.2723125|69.3175,-134.680625|69.8546875,-137.7698125|70.265125,-135.70475|70.77925,-134.819375|70.187,
-129.0211875|64.770875,-127.742375|64.1219375,-128.348|64.7529375,-128.6934375|64.59425,-129.0685|64.8951875,-129.449375|65.4645625,-127.733125|64.3974375,-123.1229375|64.37875,-126.9306875|65.0315,-127.0556875|64.3206875,-130.399375|65.3745625,-131.3260625|66.0710625,-130.1074375|66.330375,-129.3084375|65.13325,-129.5231875|65.2609375,-129.5496875|65.3144375,-130.7586875|65.9479375,-131.39325|66.0496875,-129.592625|65.1045625,-129.7611875|65.3109375,-123.5216875|70.6611875,-108.479875|56.6325625,-128.057625|71.7378125,-125.78825|69.6274375,-127.9196875|71.1671875,-127.5784375|71.400625,-129.5198125|71.6459375,-126.3915|70.6699375,-128.0480625|71.4945625,-127.2529375|70.392125,-83.6815625|0.31825,-76.593875|0.2869375,-81.5971875|0.3145625,-81.751375|0.212,-10.005|0.0,-85.114125|0.3785,-81.2040625|0.359375,-81.1416875|0.3144375,-86.1105625|0.4024375,-80.3015625|0.3175625,-134.2803125|71.079625,-133.5820625|69.9764375,-132.413125|69.2999375,-132.423125|70.6371875,-133.192875|70.7595,-132.6693125|70.62625,-132.908375|70.1505,-139.31825|70.2469375,-133.6104375|70.310125,-133.14325|70.8114375,
-130.42125|65.7550625,-129.2401875|65.3089375,-130.4200625|65.5684375,-130.11525|64.5745,-130.8354375|65.8969375,-129.8774375|65.8260625,-129.2834375|65.4466875,-124.9088125|65.1431875,-128.5709375|64.8975625,-129.349125|65.6936875,-130.686|65.3608125,-132.8405|65.8984375,-130.2665625|65.42275,-130.0280625|66.1535,-131.463875|65.504125,-130.947125|65.8364375,-131.647|65.12825,-130.502|65.396375,-131.690375|65.395125,-130.9885|65.501625,-132.820625|69.7629375,-130.8861875|69.6925,-139.3083125|70.28225,-138.906375|70.8048125,-141.73775|70.390875,-140.33975|70.7290625,-140.930625|68.47,-139.410375|70.4561875,-140.902375|69.860125,-139.899875|68.992625,-78.589|0.3028125,-73.7773125|0.4406875,-80.289375|0.370125,-86.5060625|0.336125,-85.81475|0.3345625,-11.0055|0.0,-76.21025|0.40375,-74.4198125|0.428375,-75.063375|0.467,-79.7313125|0.3874375,-133.88875|70.09525,-132.679875|69.486625,-132.9433125|69.8579375,-132.7801875|69.9165625,-133.2140625|69.638125,-133.1710625|70.304875,-135.1955|70.933125,-138.3336875|69.468875,-134.0804375|70.5399375,-132.8820625|69.4989375,
-129.1384375|65.1971875,-126.6296875|63.7823125,-128.2845|65.19525,-128.9045|66.0308125,-128.6255625|65.39275,-128.535|65.0010625,-129.7475|65.88075,-124.49875|65.5129375,-128.1248125|65.253375,-128.98375|65.59175,-130.44225|66.0055,-130.663875|65.4759375,-129.275|65.3611875,-127.828|65.2935,-130.102375|65.8805,-129.2359375|65.60575,-129.865875|64.98775,-130.0986875|65.3160625,-130.607|65.6605,-130.1036875|65.1384375,-131.397625|69.5665,-130.3428125|69.54475,-139.9084375|70.42475,-138.087875|69.835375,-139.6963125|70.3884375,-140.3930625|70.4330625,-140.8584375|70.800375,-137.733125|70.343375,-138.7399375|69.6968125,-139.62225|69.838,-73.97475|0.3044375,-71.0623125|0.2975625,-75.88975|0.214125,-75.622625|0.236875,-78.493625|0.2836875,-77.5900625|0.22275,-9.0045|0.0,-72.2655|0.2118125,-68.667875|0.324,-74.8245|0.308,-132.4671875|69.792875,-132.894625|70.2271875,-131.7366875|69.828,-132.656|70.0730625,-132.5784375|70.3313125,-133.69|70.7644375,-132.7404375|69.698375,-140.3689375|70.27175,-132.3865625|69.895125,-132.754125|70.1055625,
-127.8255625|66.2058125,-126.595|64.9153125,-125.8686875|64.984125,-127.9815|66.0694375,-126.9630625|65.0908125,-128.4873125|65.9975,-127.2075625|65.774125,-121.845375|65.10075,-126.7898125|66.105875,-126.5101875|65.6935625,-120.085125|65.9833125,-111.6105|58.2479375,-119.664125|66.397375,-118.8575|65.9585625,-119.84975|66.5749375,-120.845625|66.4799375,-120.232875|65.671875,-119.57925|65.617375,-120.648875|66.1709375,-119.94825|66.173,-129.96725|69.442875,-129.6094375|70.7180625,-138.11975|70.2329375,-135.981625|69.8420625,-136.391375|69.2826875,-136.5699375|69.89275,-137.9890625|69.267125,-136.087|70.29175,-135.756625|69.3784375,-138.5040625|70.315875,-61.76625|0.455,-61.26725|0.5568125,-66.3064375|0.3960625,-71.03975|0.39025,-67.435125|0.36225,-65.7759375|0.493,-69.8755|0.422375,-10.005|0.0,-59.3485|0.52425,-60.0546875|0.487875,-129.7739375|69.3605,-129.665875|70.2868125,-130.1660625|70.1026875,-131.706375|70.5929375,-130.60725|70.9629375,-130.86575|70.147625,-131.456125|70.432,-137.29575|69.893,-130.51575|70.2393125,-129.7075625|70.107375,
-128.0866875|65.5510625,-126.7231875|64.9265,-127.3343125|65.70125,-127.5958125|65.2675625,-128.5331875|65.03025,-128.401|65.931875,-127.2183125|65.1020625,-124.0021875|65.516,-127.4196875|65.6586875,-126.041375|64.9864375,-129.4564375|65.8425,-129.746875|65.5779375,-128.491|65.9193125,-127.6195625|64.4733125,-129.1590625|64.9714375,-127.744|65.137125,-130.1344375|65.3400625,-127.81675|64.4770625,-127.9685625|65.437125,-128.9534375|65.9070625,-130.9109375|70.7726875,-129.7266875|70.9248125,-136.788125|70.09275,-135.634125|69.620875,-137.797875|69.8121875,-138.7141875|69.4749375,-138.5111875|70.3549375,-135.6331875|69.6005,-136.5799375|69.5760625,-138.1713125|70.0266875,-56.1905|0.3448125,-55.7068125|0.3624375,-61.509375|0.2539375,-60.937125|0.338625,-63.369125|0.34825,-61.2890625|0.347625,-61.0001875|0.27675,-62.515375|0.366875,-10.005|0.0,-56.844|0.4286875,-130.823|69.8351875,-130.671875|69.5194375,-131.0761875|70.050125,-129.8175|69.7796875,-129.764|69.3366875,-130.4233125|69.6944375,-130.3228125|69.955625,-137.52425|70.5005625,-130.760125|69.835125,-130.961875|70.253875,
-126.966|65.274875,-127.43375|65.962625,-127.469|65.5455625,-127.3769375|65.64925,-127.025875|64.902875,-126.1219375|65.40025,-126.78075|65.7240625,-122.5571875|65.744,-122.9611875|63.7426875,-125.5883125|65.2286875,-128.363875|64.8558125,-129.0315625|66.03575,-126.9188125|65.1898125,-127.7594375|65.573375,-127.99425|65.2976875,-127.9996875|66.1833125,-128.6071875|65.3035,-129.23725|66.010875,-128.7691875|65.3586875,-128.4223125|65.506875,-128.7271875|69.71025,-127.4306875|69.8648125,-135.5129375|69.4550625,-134.1225|69.6431875,-136.8195|70.5048125,-137.014875|70.50975,-138.0060625|69.9834375,-133.656125|69.4838125,-136.0631875|69.934875,-136.718|69.82875,-46.4283125|0.421625,-48.421|0.328,-52.1805|0.4276875,-51.8819375|0.41125,-52.015125|0.54975,-52.2170625|0.35975,-52.959625|0.2779375,-53.5893125|0.4115,-52.12025|0.389125,-11.0055|0.0,-130.0048125|70.2180625,-130.084375|70.3754375,-131.0693125|69.7954375,-128.808125|69.8856875,-129.334|69.635125,-130.530875|70.1233125,-130.7401875|70.3120625,-138.3873125|70.7196875,-129.8951875|69.856875,-130.9144375|70.628875,
-127.0616875|64.88775,-126.99575|65.7865,-133.6694375|64.529125,-134.4155|65.0540625,-135.3518125|64.286875,-133.8013125|65.6045625,-134.49625|65.071875,-133.4788125|64.5000625,-133.098125|65.5008125,-134.6978125|65.01275,-136.2061875|65.794875,-135.8896875|65.338375,-135.657625|64.9266875,-135.45|66.07325,-136.218625|65.1555,-132.5198125|64.507375,-128.7563125|64.908375,-134.902|65.19975,-135.066875|64.3551875,-134.2079375|65.50475,-142.1019375|69.505,-140.477875|70.6563125,-132.713375|69.4161875,-141.5779375|69.9625,-139.8765|70.068625,-142.616|70.2838125,-141.7954375|69.8958125,-141.944375|69.7430625,-141.9246875|70.5824375,-139.669375|69.4845,-135.166|69.44,-134.1841875|68.6258125,-132.1330625|68.230375,-136.4415|70.4073125,-133.069375|67.9231875,-134.172125|68.6704375,-134.508375|68.38825,-134.2406875|68.79125,-132.7815|68.429875,-135.998875|69.900125,-11.0055|0.0,-82.4885625|0.3616875,-84.7886875|0.5335,-76.17025|0.3726875,-80.1716875|0.3056875,-84.2895625|0.5089375,-83.8675|0.44925,-77.8405625|0.413,-82.527875|0.3984375,-79.551875|0.516,
-127.354375|65.06675,-125.16725|64.664375,-134.8276875|64.77175,-135.0274375|65.8461875,-135.3286875|65.6020625,-133.94275|64.708625,-134.1850625|65.04475,-134.93225|65.485875,-134.4211875|66.2445,-135.1498125|65.70525,-135.1526875|65.4924375,-134.266|64.7505625,-136.4015625|64.8213125,-134.0538125|64.574625,-134.246125|65.170125,-133.9118125|64.5486875,-126.0420625|64.3914375,-133.9923125|64.3633125,-132.9005625|64.6449375,-133.3011875|65.4478125,-141.0818125|69.8353125,-140.3118125|69.818625,-131.9568125|69.509875,-140.79225|69.9291875,-140.248875|69.4170625,-142.08575|69.5250625,-141.423875|70.57975,-140.5275|69.0371875,-142.436625|69.9674375,-141.9255|70.4236875,-133.8245625|69.4016875,-133.42575|68.9548125,-132.5748125|70.2530625,-133.969375|69.1813125,-133.098125|69.21575,-134.1090625|69.1875625,-132.8515|68.951,-134.24875|69.6460625,-133.7695625|69.301875,-133.497625|69.0701875,-83.582|0.5810625,-8.004|0.0,-78.095125|0.5065625,-73.936125|0.6986875,-73.948875|0.7213125,-72.5699375|0.5120625,-75.4045625|0.549375,-68.88025|0.5783125,-81.9018125|0.534375,-82.11375|0.497125,
-127.153875|65.2036875,-125.191625|66.039625,-133.88425|64.2785,-136.2453125|66.154375,-135.06375|65.30775,-134.7886875|65.162375,-133.7890625|65.735375,-133.0010625|64.4568125,-132.6826875|65.26725,-133.0523125|64.761625,-133.728125|64.9913125,-133.2534375|65.427875,-134.9758125|65.493375,-135.3930625|65.557375,-134.7290625|64.913125,-131.875875|64.93725,-125.1090625|64.4113125,-133.6435625|65.3474375,-135.542625|65.9305,-132.4830625|65.632,-140.354625|70.331,-138.9329375|69.5103125,-130.937|69.2689375,-138.45925|68.94175,-138.995625|69.8975625,-139.9833125|69.5175625,-138.742375|69.4405,-140.872625|70.4725625,-140.0975|70.026375,-142.391375|70.0583125,-132.89325|68.789,-133.034625|69.585625,-132.5648125|69.8283125,-133.8355|68.7868125,-132.043375|68.4901875,-133.595375|68.8865,-132.4801875|69.020375,-132.022375|69.083,-131.127875|68.263375,-133.2780625|69.5099375,-79.722125|0.4426875,-73.757375|0.5205,-9.0045|0.0,-67.3765|0.40775,-70.5714375|0.5340625,-71.1414375|0.388875,-70.945875|0.2975625,-63.219875|0.3398125,-72.444875|0.4404375,-73.975625|0.335875,
-125.5535625|69.25,-123.958375|68.4569375,-129.7463125|69.1215,-129.4628125|69.0984375,-127.8799375|67.9265625,-128.715|68.4939375,-127.4333125|68.463375,-128.0049375|68.9188125,-127.286|67.950625,-129.1453125|69.1281875,-133.92175|67.0255,-132.006|65.084625,-133.19425|66.732625,-133.3595|66.1106875,-132.7313125|65.5225,-130.6729375|65.438,-124.6575|65.41575,-132.593875|65.9398125,-132.235375|65.429875,-129.9929375|65.6931875,-140.8995|70.728,-137.9824375|70.30075,-130.6106875|69.7906875,-138.920375|70.6885625,-138.6751875|70.55575,-140.7371875|70.6654375,-139.0053125|71.2285625,-139.687375|70.6234375,-138.222375|70.5989375,-140.1115625|70.284875,-131.35875|69.7516875,-132.646|69.8245,-131.361125|70.4485625,-132.01025|70.166125,-131.638125|70.033,-131.8721875|69.34575,-132.2919375|70.041375,-131.3736875|69.5470625,-131.05475|69.6238125,-132.60575|70.3759375,-65.04525|0.3974375,-63.3371875|0.365875,-68.0316875|0.4639375,-8.004|0.0,-60.4123125|0.412875,-59.00625|0.4754375,-61.8739375|0.3964375,-54.6929375|0.3534375,-65.5689375|0.4574375,-67.98075|0.4088125,
-125.3156875|65.49225,-123.094375|65.62575,-131.93625|64.7265,-132.1305625|65.183375,-133.78025|65.405,-134.1116875|65.8105,-132.930125|64.87,-132.4781875|65.4055,-131.8910625|64.66075,-134.3585625|65.530625,-132.1673125|65.291125,-132.736375|65.065875,-131.621125|64.327625,-132.93725|65.5725,-132.2300625|65.165625,-131.1445|64.824875,-124.64375|64.907,-132.7508125|64.08025,-132.885125|65.4345,-130.4986875|64.886375,-139.0418125|69.424875,-137.4251875|69.701375,-130.48075|69.563125,-139.351125|70.05775,-138.72125|69.4245,-139.98175|69.716875,-138.870625|69.716875,-138.2395625|69.91875,-138.2894375|70.3965,-140.117875|69.79725,-130.7380625|68.787875,-129.8104375|67.89475,-130.31875|69.236625,-131.5941875|69.442875,-130.23925|68.642375,-133.438|70.22225,-132.4581875|69.994875,-132.141625|69.85025,-130.745625|68.7725,-131.453625|69.0975,-60.9034375|0.36525,-56.9805|0.257125,-61.8431875|0.31175,-59.7735|0.483125,-11.0055|0.0,-52.0846875|0.2195,-54.744875|0.368375,-49.682125|0.452125,-62.2039375|0.4105,-61.457|0.3165,
-123.8615|64.9465,-123.558|65.013375,-130.641|64.647875,-129.7805|64.273875,-134.172|65.521375,-131.93975|64.29725,-131.79375|65.08125,-131.389375|65.7045,-130.36775|64.82725,-131.998625|65.443375,-132.8545|65.209125,-132.327125|65.39625,-132.5485|65.433625,-132.72025|65.58575,-133.906875|66.2865,-130.971|65.722875,-125.31625|65.108,-132.38275|65.255625,-131.7115|65.598,-128.715375|65.067875,-138.2385|69.878625,-137.609375|69.958,-129.808|70.068,-137.81875|69.959,-138.697625|70.367,-139.038|69.89225,-138.206375|70.672625,-139.1755|69.921375,-137.184875|70.2265,-140.1525|70.687625,-129.913875|68.348,-131.578375|69.522875,-129.55625|68.678625,-132.13925|68.8985,-130.314875|69.24225,-132.054875|69.222375,-130.56025|68.603625,-131.86575|70.139125,-131.040125|68.449625,-132.687|69.623375,-55.69225|0.552125,-50.14125|0.400375,-53.649125|0.619375,-51.321875|0.51375,-53.918875|0.37425,-11.0055|0.0,-50.57475|0.58275,-45.119625|0.31925,-55.2075|0.534875,-53.1325|0.50025,
-124.8425|65.65725,-122.588375|64.306875,-129.9085|64.463875,-131.5805|65.5175,-131.347625|64.43,-131.36175|64.9025,-130.516|65.0355,-129.751|65.672,-130.864625|65.702125,-132.596|64.858875,-130.937125|65.6855,-130.613125|65.46225,-130.0755|64.82375,-131.485375|64.63775,-130.55575|64.767375,-129.97825|65.183,-124.04125|65.85675,-131.68625|64.954375,-129.65325|64.56175,-130.70325|64.881125,-138.36475|70.6915,-136.62075|69.648375,-129.60225|69.996,-136.579|69.902125,-137.958125|69.532625,-139.012125|69.4855,-135.894375|69.145,-137.84025|70.702875,-137.87525|70.411875,-138.099125|70.021,-129.948875|68.98725,-129.967|68.504875,-128.637375|68.968875,-131.604|69.64975,-131.07875|69.66425,-131.829375|68.85175,-130.674625|69.156,-131.166625|69.137125,-130.299625|68.6845,-130.660125|69.033,-48.670875|0.817875,-46.124875|0.669,-46.429875|0.6175,-44.81775|0.691375,-46.912625|0.456125,-47.831875|0.6775,-12.006|0.0,-41.321625|0.578625,-47.611|0.577625,-47.22325|0.639625,
-124.8985|65.944875,-122.155375|66.3135,-129.407625|65.001625,-130.498125|66.312,-130.961125|66.235875,-129.543625|65.153375,-131.6135|65.73625,-131.30475|66.4975,-128.52025|64.917125,-131.688875|66.633875,-130.110875|65.405,-129.09675|65.574875,-129.95325|65.75,-129.79925|65.86,-129.834125|65.370125,-128.757625|65.4305,-125.70925|66.4315,-129.633|65.506125,-129.412875|65.582875,-129.846625|66.535375,-135.355375|70.072875,-136.52575|70.010625,-128.61975|71.5335,-135.716875|70.646625,-136.511125|70.591125,-136.249875|70.144625,-136.312875|70.891625,-136.95025|70.02625,-135.841|70.943625,-136.95625|71.032625,-131.73075|73.277875,-132.352125|72.73475,-129.287625|72.41975,-132.31425|73.491,-132.105125|73.335625,-131.336875|73.287125,-131.076625|73.137875,-132.200625|73.232625,-130.699|72.43375,-130.348875|71.969,-41.11225|0.2635,-40.161|0.321375,-40.359875|0.244875,-39.665|0.341875,-41.030875|0.32275,-41.895375|0.314375,-42.48475|0.430625,-9.0045|0.0,-42.171875|0.35975,-41.57175|0.278875,
-129.6681875|66.1503125,-127.8531875|66.1146875,-132.89175|66.5825,-132.9804375|66.25225,-133.298|65.9075625,-132.75|66.444125,-132.3453125|66.299375,-133.2574375|66.5671875,-131.85575|65.8043125,-132.4451875|65.4965,-129.5318125|68.981875,-129.2970625|68.995875,-130.2295625|69.4085625,-129.67225|69.0290625,-129.906375|68.6004375,-126.9048125|68.12325,-124.796875|67.3796875,-116.0124375|56.3364375,-128.5010625|69.006875,-127.948375|69.09025,-138.8690625|70.5419375,-138.9493125|70.4215625,-134.9501875|71.330875,-138.85425|70.30725,-138.870625|70.979375,-138.992625|70.726875,-139.4128125|71.7530625,-138.3826875|70.37875,-138.7041875|70.3886875,-139.3181875|70.4601875,-134.0934375|69.4785,-135.675625|69.7325,-134.0954375|70.0988125,-136.74975|70.7488125,-134.2455|69.674375,-136.0030625|69.737375,-133.814875|69.903,-135.2425625|69.129875,-132.81925|68.6060625,-134.744625|69.3748125,-40.4331875|0.31725,-43.6731875|0.30025,-45.966625|0.276625,-44.8461875|0.2766875,-43.640375|0.3074375,-44.206375|0.296875,-42.4146875|0.3056875,-41.51425|0.3048125,-11.0055|0.0,-44.2911875|0.3564375,
-129.4995625|65.8638125,-126.68825|66.094125,-134.36775|66.0831875,-133.791125|66.2790625,-135.087375|66.6315,-134.6100625|65.3078125,-133.6109375|65.3115625,-134.9143125|66.9201875,-133.4190625|66.204375,-135.37925|66.2766875,-133.78575|66.7680625,-132.0675|66.4964375,-131.9584375|65.8229375,-131.195125|65.7163125,-133.5489375|66.49575,-132.34625|66.721125,-128.241625|65.3645625,-129.5565625|65.1556875,-131.193875|66.349125,-130.7190625|65.901,-134.504375|73.8855625,-133.695875|73.4811875,-116.110625|59.2826875,-133.720625|72.9860625,-135.107375|74.0108125,-136.3180625|74.62,-135.6428125|74.41875,-135.2895625|73.4041875,-134.2124375|73.2134375,-135.0441875|73.636125,-133.15825|68.7834375,-134.3264375|69.7085625,-133.484|69.4206875,-134.600625|70.1221875,-133.3895|69.295,-134.9085|69.1524375,-134.45525|69.897125,-133.2824375|69.325875,-133.6259375|69.131,-135.899375|70.2155625,-83.616875|0.29975,-79.42725|0.3101875,-70.247625|0.406,-69.4759375|0.288125,-84.941125|0.2894375,-80.3029375|0.2651875,-84.2018125|0.3405,-72.865375|0.258875,-44.249|0.3378125,-10.005|0.0,
